-- jaffle_shop Day 02 delta changes
-- Simulates business activity on Day 02 after baseline

-- Add 22 new customers
INSERT INTO jaffle_shop.customers (customer_id, first_name, last_name, email, created_at, updated_at, deleted_at) VALUES
(126, 'Cathy', 'Beesly', 'cathy.beesly126@example.com', CURRENT_TIMESTAMP, CURRENT_TIMESTAMP, NULL),
(127, 'Jim', 'Smith', 'jim.smith127@example.com', CURRENT_TIMESTAMP, CURRENT_TIMESTAMP, NULL),
(128, 'Meredith', 'Johnson', 'meredith.johnson128@example.com', CURRENT_TIMESTAMP, CURRENT_TIMESTAMP, NULL),
(129, 'Brian', 'Bennett', 'brian.bennett129@example.com', CURRENT_TIMESTAMP, CURRENT_TIMESTAMP, NULL),
(130, 'Jo', 'Nickerson', 'jo.nickerson130@example.com', CURRENT_TIMESTAMP, CURRENT_TIMESTAMP, NULL),
(131, 'Gabe', 'Miller', 'gabe.miller131@example.com', CURRENT_TIMESTAMP, CURRENT_TIMESTAMP, NULL),
(132, 'Hide', 'Vance', 'hide.vance132@example.com', CURRENT_TIMESTAMP, CURRENT_TIMESTAMP, NULL),
(133, 'David', 'California', 'david.california133@example.com', CURRENT_TIMESTAMP, CURRENT_TIMESTAMP, NULL),
(134, 'Karen', 'Bennett', 'karen.bennett134@example.com', CURRENT_TIMESTAMP, CURRENT_TIMESTAMP, NULL),
(135, 'Tony', 'Miller', 'tony.miller135@example.com', CURRENT_TIMESTAMP, CURRENT_TIMESTAMP, NULL),
(136, 'Cathy', 'Nickerson', 'cathy.nickerson136@example.com', CURRENT_TIMESTAMP, CURRENT_TIMESTAMP, NULL),
(137, 'Ryan', 'Hannon', 'ryan.hannon137@example.com', CURRENT_TIMESTAMP, CURRENT_TIMESTAMP, NULL),
(138, 'Kelly', 'Green', 'kelly.green138@example.com', CURRENT_TIMESTAMP, CURRENT_TIMESTAMP, NULL),
(139, 'Michael', 'Smith', 'michael.smith139@example.com', CURRENT_TIMESTAMP, CURRENT_TIMESTAMP, NULL),
(140, 'Kevin', 'Schrute', 'kevin.schrute140@example.com', CURRENT_TIMESTAMP, CURRENT_TIMESTAMP, NULL),
(141, 'Jo', 'Schrute', 'jo.schrute141@example.com', CURRENT_TIMESTAMP, CURRENT_TIMESTAMP, NULL),
(142, 'Brian', 'Wallace', 'brian.wallace142@example.com', CURRENT_TIMESTAMP, CURRENT_TIMESTAMP, NULL),
(143, 'Erin', 'Halpert', 'erin.halpert143@example.com', CURRENT_TIMESTAMP, CURRENT_TIMESTAMP, NULL),
(144, 'Jordan', 'Halpert', 'jordan.halpert144@example.com', CURRENT_TIMESTAMP, CURRENT_TIMESTAMP, NULL),
(145, 'Nate', 'Bennett', 'nate.bennett145@example.com', CURRENT_TIMESTAMP, CURRENT_TIMESTAMP, NULL),
(146, 'Stanley', 'Hudson', 'stanley.hudson146@example.com', CURRENT_TIMESTAMP, CURRENT_TIMESTAMP, NULL),
(147, 'Senator', 'Vance', 'senator.vance147@example.com', CURRENT_TIMESTAMP, CURRENT_TIMESTAMP, NULL);

-- Update product prices (market adjustments)
UPDATE jaffle_shop.products
SET price = 34.99,
    updated_at = CURRENT_TIMESTAMP
WHERE product_id = 2;  -- Mouse price increase

UPDATE jaffle_shop.products
SET price = 1099.99,
    updated_at = CURRENT_TIMESTAMP
WHERE product_id = 1;  -- Laptop price increase

-- Add 55 new orders
INSERT INTO jaffle_shop.orders (order_id, customer_id, order_date, status, created_at, updated_at, deleted_at) VALUES
(311, 126, CURRENT_DATE, 'pending', CURRENT_TIMESTAMP, CURRENT_TIMESTAMP, NULL),
(312, 127, CURRENT_DATE, 'completed', CURRENT_TIMESTAMP, CURRENT_TIMESTAMP, NULL),
(313, 128, CURRENT_DATE, 'completed', CURRENT_TIMESTAMP, CURRENT_TIMESTAMP, NULL),
(314, 129, CURRENT_DATE, 'completed', CURRENT_TIMESTAMP, CURRENT_TIMESTAMP, NULL),
(315, 130, CURRENT_DATE, 'pending', CURRENT_TIMESTAMP, CURRENT_TIMESTAMP, NULL),
(316, 131, CURRENT_DATE, 'pending', CURRENT_TIMESTAMP, CURRENT_TIMESTAMP, NULL),
(317, 132, CURRENT_DATE, 'cancelled', CURRENT_TIMESTAMP, CURRENT_TIMESTAMP, NULL),
(318, 133, CURRENT_DATE, 'cancelled', CURRENT_TIMESTAMP, CURRENT_TIMESTAMP, NULL),
(319, 134, CURRENT_DATE, 'completed', CURRENT_TIMESTAMP, CURRENT_TIMESTAMP, NULL),
(320, 135, CURRENT_DATE, 'completed', CURRENT_TIMESTAMP, CURRENT_TIMESTAMP, NULL),
(321, 136, CURRENT_DATE, 'completed', CURRENT_TIMESTAMP, CURRENT_TIMESTAMP, NULL),
(322, 137, CURRENT_DATE, 'completed', CURRENT_TIMESTAMP, CURRENT_TIMESTAMP, NULL),
(323, 138, CURRENT_DATE, 'pending', CURRENT_TIMESTAMP, CURRENT_TIMESTAMP, NULL),
(324, 139, CURRENT_DATE, 'pending', CURRENT_TIMESTAMP, CURRENT_TIMESTAMP, NULL),
(325, 140, CURRENT_DATE, 'completed', CURRENT_TIMESTAMP, CURRENT_TIMESTAMP, NULL),
(326, 141, CURRENT_DATE, 'pending', CURRENT_TIMESTAMP, CURRENT_TIMESTAMP, NULL),
(327, 142, CURRENT_DATE, 'completed', CURRENT_TIMESTAMP, CURRENT_TIMESTAMP, NULL),
(328, 143, CURRENT_DATE, 'cancelled', CURRENT_TIMESTAMP, CURRENT_TIMESTAMP, NULL),
(329, 144, CURRENT_DATE, 'completed', CURRENT_TIMESTAMP, CURRENT_TIMESTAMP, NULL),
(330, 145, CURRENT_DATE, 'completed', CURRENT_TIMESTAMP, CURRENT_TIMESTAMP, NULL),
(331, 146, CURRENT_DATE, 'pending', CURRENT_TIMESTAMP, CURRENT_TIMESTAMP, NULL),
(332, 147, CURRENT_DATE, 'completed', CURRENT_TIMESTAMP, CURRENT_TIMESTAMP, NULL),
(333, 34, CURRENT_DATE, 'completed', CURRENT_TIMESTAMP, CURRENT_TIMESTAMP, NULL),
(334, 77, CURRENT_DATE, 'pending', CURRENT_TIMESTAMP, CURRENT_TIMESTAMP, NULL),
(335, 49, CURRENT_DATE, 'pending', CURRENT_TIMESTAMP, CURRENT_TIMESTAMP, NULL),
(336, 48, CURRENT_DATE, 'completed', CURRENT_TIMESTAMP, CURRENT_TIMESTAMP, NULL),
(337, 67, CURRENT_DATE, 'pending', CURRENT_TIMESTAMP, CURRENT_TIMESTAMP, NULL),
(338, 104, CURRENT_DATE, 'completed', CURRENT_TIMESTAMP, CURRENT_TIMESTAMP, NULL),
(339, 55, CURRENT_DATE, 'completed', CURRENT_TIMESTAMP, CURRENT_TIMESTAMP, NULL),
(340, 61, CURRENT_DATE, 'completed', CURRENT_TIMESTAMP, CURRENT_TIMESTAMP, NULL),
(341, 55, CURRENT_DATE, 'pending', CURRENT_TIMESTAMP, CURRENT_TIMESTAMP, NULL),
(342, 55, CURRENT_DATE, 'completed', CURRENT_TIMESTAMP, CURRENT_TIMESTAMP, NULL),
(343, 75, CURRENT_DATE, 'completed', CURRENT_TIMESTAMP, CURRENT_TIMESTAMP, NULL),
(344, 147, CURRENT_DATE, 'completed', CURRENT_TIMESTAMP, CURRENT_TIMESTAMP, NULL),
(345, 147, CURRENT_DATE, 'completed', CURRENT_TIMESTAMP, CURRENT_TIMESTAMP, NULL),
(346, 11, CURRENT_DATE, 'completed', CURRENT_TIMESTAMP, CURRENT_TIMESTAMP, NULL),
(347, 59, CURRENT_DATE, 'completed', CURRENT_TIMESTAMP, CURRENT_TIMESTAMP, NULL),
(348, 89, CURRENT_DATE, 'completed', CURRENT_TIMESTAMP, CURRENT_TIMESTAMP, NULL),
(349, 50, CURRENT_DATE, 'pending', CURRENT_TIMESTAMP, CURRENT_TIMESTAMP, NULL),
(350, 37, CURRENT_DATE, 'cancelled', CURRENT_TIMESTAMP, CURRENT_TIMESTAMP, NULL),
(351, 139, CURRENT_DATE, 'completed', CURRENT_TIMESTAMP, CURRENT_TIMESTAMP, NULL),
(352, 98, CURRENT_DATE, 'completed', CURRENT_TIMESTAMP, CURRENT_TIMESTAMP, NULL),
(353, 6, CURRENT_DATE, 'completed', CURRENT_TIMESTAMP, CURRENT_TIMESTAMP, NULL),
(354, 130, CURRENT_DATE, 'pending', CURRENT_TIMESTAMP, CURRENT_TIMESTAMP, NULL),
(355, 143, CURRENT_DATE, 'completed', CURRENT_TIMESTAMP, CURRENT_TIMESTAMP, NULL),
(356, 92, CURRENT_DATE, 'completed', CURRENT_TIMESTAMP, CURRENT_TIMESTAMP, NULL),
(357, 80, CURRENT_DATE, 'completed', CURRENT_TIMESTAMP, CURRENT_TIMESTAMP, NULL),
(358, 134, CURRENT_DATE, 'completed', CURRENT_TIMESTAMP, CURRENT_TIMESTAMP, NULL),
(359, 69, CURRENT_DATE, 'pending', CURRENT_TIMESTAMP, CURRENT_TIMESTAMP, NULL),
(360, 63, CURRENT_DATE, 'completed', CURRENT_TIMESTAMP, CURRENT_TIMESTAMP, NULL),
(361, 67, CURRENT_DATE, 'completed', CURRENT_TIMESTAMP, CURRENT_TIMESTAMP, NULL),
(362, 27, CURRENT_DATE, 'completed', CURRENT_TIMESTAMP, CURRENT_TIMESTAMP, NULL),
(363, 21, CURRENT_DATE, 'completed', CURRENT_TIMESTAMP, CURRENT_TIMESTAMP, NULL),
(364, 46, CURRENT_DATE, 'completed', CURRENT_TIMESTAMP, CURRENT_TIMESTAMP, NULL),
(365, 77, CURRENT_DATE, 'completed', CURRENT_TIMESTAMP, CURRENT_TIMESTAMP, NULL);

-- Add order items for new orders
INSERT INTO jaffle_shop.order_items (order_item_id, order_id, product_id, quantity, unit_price, created_at, updated_at, deleted_at) VALUES
(431, 311, 3, 1, 79.99, CURRENT_TIMESTAMP, CURRENT_TIMESTAMP, NULL),
(432, 312, 1, 2, 1099.99, CURRENT_TIMESTAMP, CURRENT_TIMESTAMP, NULL),
(433, 312, 8, 1, 49.99, CURRENT_TIMESTAMP, CURRENT_TIMESTAMP, NULL),
(434, 312, 5, 1, 199.99, CURRENT_TIMESTAMP, CURRENT_TIMESTAMP, NULL),
(435, 313, 9, 1, 399.99, CURRENT_TIMESTAMP, CURRENT_TIMESTAMP, NULL),
(436, 313, 8, 3, 49.99, CURRENT_TIMESTAMP, CURRENT_TIMESTAMP, NULL),
(437, 314, 7, 1, 89.99, CURRENT_TIMESTAMP, CURRENT_TIMESTAMP, NULL),
(438, 314, 9, 1, 399.99, CURRENT_TIMESTAMP, CURRENT_TIMESTAMP, NULL),
(439, 315, 5, 1, 199.99, CURRENT_TIMESTAMP, CURRENT_TIMESTAMP, NULL),
(440, 315, 2, 3, 34.99, CURRENT_TIMESTAMP, CURRENT_TIMESTAMP, NULL),
(441, 315, 5, 1, 199.99, CURRENT_TIMESTAMP, CURRENT_TIMESTAMP, NULL),
(442, 316, 8, 1, 49.99, CURRENT_TIMESTAMP, CURRENT_TIMESTAMP, NULL),
(443, 317, 3, 1, 79.99, CURRENT_TIMESTAMP, CURRENT_TIMESTAMP, NULL),
(444, 318, 9, 1, 399.99, CURRENT_TIMESTAMP, CURRENT_TIMESTAMP, NULL),
(445, 318, 6, 3, 149.99, CURRENT_TIMESTAMP, CURRENT_TIMESTAMP, NULL),
(446, 319, 7, 2, 89.99, CURRENT_TIMESTAMP, CURRENT_TIMESTAMP, NULL),
(447, 320, 7, 1, 89.99, CURRENT_TIMESTAMP, CURRENT_TIMESTAMP, NULL),
(448, 321, 6, 1, 149.99, CURRENT_TIMESTAMP, CURRENT_TIMESTAMP, NULL),
(449, 322, 10, 1, 24.99, CURRENT_TIMESTAMP, CURRENT_TIMESTAMP, NULL),
(450, 323, 10, 1, 24.99, CURRENT_TIMESTAMP, CURRENT_TIMESTAMP, NULL),
(451, 323, 3, 1, 79.99, CURRENT_TIMESTAMP, CURRENT_TIMESTAMP, NULL),
(452, 324, 8, 1, 49.99, CURRENT_TIMESTAMP, CURRENT_TIMESTAMP, NULL),
(453, 324, 8, 1, 49.99, CURRENT_TIMESTAMP, CURRENT_TIMESTAMP, NULL),
(454, 325, 6, 1, 149.99, CURRENT_TIMESTAMP, CURRENT_TIMESTAMP, NULL),
(455, 326, 10, 1, 24.99, CURRENT_TIMESTAMP, CURRENT_TIMESTAMP, NULL),
(456, 327, 3, 1, 79.99, CURRENT_TIMESTAMP, CURRENT_TIMESTAMP, NULL),
(457, 328, 9, 2, 399.99, CURRENT_TIMESTAMP, CURRENT_TIMESTAMP, NULL),
(458, 328, 5, 1, 199.99, CURRENT_TIMESTAMP, CURRENT_TIMESTAMP, NULL),
(459, 329, 9, 1, 399.99, CURRENT_TIMESTAMP, CURRENT_TIMESTAMP, NULL),
(460, 330, 6, 3, 149.99, CURRENT_TIMESTAMP, CURRENT_TIMESTAMP, NULL),
(461, 330, 10, 1, 24.99, CURRENT_TIMESTAMP, CURRENT_TIMESTAMP, NULL),
(462, 331, 10, 1, 24.99, CURRENT_TIMESTAMP, CURRENT_TIMESTAMP, NULL),
(463, 332, 6, 1, 149.99, CURRENT_TIMESTAMP, CURRENT_TIMESTAMP, NULL),
(464, 333, 5, 1, 199.99, CURRENT_TIMESTAMP, CURRENT_TIMESTAMP, NULL),
(465, 334, 4, 1, 299.99, CURRENT_TIMESTAMP, CURRENT_TIMESTAMP, NULL),
(466, 335, 1, 3, 1099.99, CURRENT_TIMESTAMP, CURRENT_TIMESTAMP, NULL),
(467, 336, 1, 1, 1099.99, CURRENT_TIMESTAMP, CURRENT_TIMESTAMP, NULL),
(468, 337, 8, 1, 49.99, CURRENT_TIMESTAMP, CURRENT_TIMESTAMP, NULL),
(469, 337, 6, 3, 149.99, CURRENT_TIMESTAMP, CURRENT_TIMESTAMP, NULL),
(470, 338, 5, 1, 199.99, CURRENT_TIMESTAMP, CURRENT_TIMESTAMP, NULL),
(471, 338, 9, 2, 399.99, CURRENT_TIMESTAMP, CURRENT_TIMESTAMP, NULL),
(472, 339, 1, 1, 1099.99, CURRENT_TIMESTAMP, CURRENT_TIMESTAMP, NULL),
(473, 340, 4, 1, 299.99, CURRENT_TIMESTAMP, CURRENT_TIMESTAMP, NULL),
(474, 340, 1, 1, 1099.99, CURRENT_TIMESTAMP, CURRENT_TIMESTAMP, NULL),
(475, 341, 6, 1, 149.99, CURRENT_TIMESTAMP, CURRENT_TIMESTAMP, NULL),
(476, 341, 7, 2, 89.99, CURRENT_TIMESTAMP, CURRENT_TIMESTAMP, NULL),
(477, 342, 4, 1, 299.99, CURRENT_TIMESTAMP, CURRENT_TIMESTAMP, NULL),
(478, 343, 7, 1, 89.99, CURRENT_TIMESTAMP, CURRENT_TIMESTAMP, NULL),
(479, 344, 1, 1, 1099.99, CURRENT_TIMESTAMP, CURRENT_TIMESTAMP, NULL),
(480, 344, 3, 1, 79.99, CURRENT_TIMESTAMP, CURRENT_TIMESTAMP, NULL),
(481, 345, 6, 3, 149.99, CURRENT_TIMESTAMP, CURRENT_TIMESTAMP, NULL),
(482, 346, 5, 1, 199.99, CURRENT_TIMESTAMP, CURRENT_TIMESTAMP, NULL),
(483, 347, 10, 1, 24.99, CURRENT_TIMESTAMP, CURRENT_TIMESTAMP, NULL),
(484, 348, 5, 2, 199.99, CURRENT_TIMESTAMP, CURRENT_TIMESTAMP, NULL),
(485, 348, 9, 1, 399.99, CURRENT_TIMESTAMP, CURRENT_TIMESTAMP, NULL),
(486, 349, 8, 1, 49.99, CURRENT_TIMESTAMP, CURRENT_TIMESTAMP, NULL),
(487, 350, 7, 1, 89.99, CURRENT_TIMESTAMP, CURRENT_TIMESTAMP, NULL),
(488, 350, 6, 1, 149.99, CURRENT_TIMESTAMP, CURRENT_TIMESTAMP, NULL),
(489, 351, 6, 3, 149.99, CURRENT_TIMESTAMP, CURRENT_TIMESTAMP, NULL),
(490, 351, 3, 3, 79.99, CURRENT_TIMESTAMP, CURRENT_TIMESTAMP, NULL),
(491, 352, 6, 1, 149.99, CURRENT_TIMESTAMP, CURRENT_TIMESTAMP, NULL),
(492, 352, 3, 1, 79.99, CURRENT_TIMESTAMP, CURRENT_TIMESTAMP, NULL),
(493, 353, 7, 3, 89.99, CURRENT_TIMESTAMP, CURRENT_TIMESTAMP, NULL),
(494, 354, 6, 2, 149.99, CURRENT_TIMESTAMP, CURRENT_TIMESTAMP, NULL),
(495, 354, 2, 1, 34.99, CURRENT_TIMESTAMP, CURRENT_TIMESTAMP, NULL),
(496, 355, 4, 1, 299.99, CURRENT_TIMESTAMP, CURRENT_TIMESTAMP, NULL),
(497, 356, 4, 1, 299.99, CURRENT_TIMESTAMP, CURRENT_TIMESTAMP, NULL),
(498, 357, 2, 3, 34.99, CURRENT_TIMESTAMP, CURRENT_TIMESTAMP, NULL),
(499, 357, 4, 1, 299.99, CURRENT_TIMESTAMP, CURRENT_TIMESTAMP, NULL),
(500, 358, 6, 1, 149.99, CURRENT_TIMESTAMP, CURRENT_TIMESTAMP, NULL),
(501, 358, 4, 1, 299.99, CURRENT_TIMESTAMP, CURRENT_TIMESTAMP, NULL),
(502, 359, 6, 1, 149.99, CURRENT_TIMESTAMP, CURRENT_TIMESTAMP, NULL),
(503, 359, 7, 1, 89.99, CURRENT_TIMESTAMP, CURRENT_TIMESTAMP, NULL),
(504, 360, 9, 1, 399.99, CURRENT_TIMESTAMP, CURRENT_TIMESTAMP, NULL),
(505, 360, 9, 1, 399.99, CURRENT_TIMESTAMP, CURRENT_TIMESTAMP, NULL),
(506, 360, 3, 1, 79.99, CURRENT_TIMESTAMP, CURRENT_TIMESTAMP, NULL),
(507, 361, 9, 1, 399.99, CURRENT_TIMESTAMP, CURRENT_TIMESTAMP, NULL),
(508, 362, 3, 1, 79.99, CURRENT_TIMESTAMP, CURRENT_TIMESTAMP, NULL),
(509, 362, 2, 1, 34.99, CURRENT_TIMESTAMP, CURRENT_TIMESTAMP, NULL),
(510, 363, 6, 1, 149.99, CURRENT_TIMESTAMP, CURRENT_TIMESTAMP, NULL),
(511, 364, 1, 3, 1099.99, CURRENT_TIMESTAMP, CURRENT_TIMESTAMP, NULL),
(512, 364, 5, 3, 199.99, CURRENT_TIMESTAMP, CURRENT_TIMESTAMP, NULL),
(513, 365, 10, 1, 24.99, CURRENT_TIMESTAMP, CURRENT_TIMESTAMP, NULL),
(514, 365, 5, 1, 199.99, CURRENT_TIMESTAMP, CURRENT_TIMESTAMP, NULL);

-- Add payments for completed orders
INSERT INTO jaffle_shop.payments (payment_id, order_id, payment_method, amount, created_at, updated_at, deleted_at) VALUES
(281, 312, 'coupon', 954.29, CURRENT_TIMESTAMP, CURRENT_TIMESTAMP, NULL),
(282, 313, 'gift_card', 622.11, CURRENT_TIMESTAMP, CURRENT_TIMESTAMP, NULL),
(283, 313, 'credit_card', 63.69, CURRENT_TIMESTAMP, CURRENT_TIMESTAMP, NULL),
(284, 314, 'bank_transfer', 698.19, CURRENT_TIMESTAMP, CURRENT_TIMESTAMP, NULL),
(285, 319, 'coupon', 1098.01, CURRENT_TIMESTAMP, CURRENT_TIMESTAMP, NULL),
(286, 320, 'bank_transfer', 1478.47, CURRENT_TIMESTAMP, CURRENT_TIMESTAMP, NULL),
(287, 320, 'credit_card', 62.97, CURRENT_TIMESTAMP, CURRENT_TIMESTAMP, NULL),
(288, 321, 'bank_transfer', 652.88, CURRENT_TIMESTAMP, CURRENT_TIMESTAMP, NULL),
(289, 322, 'coupon', 1173.94, CURRENT_TIMESTAMP, CURRENT_TIMESTAMP, NULL),
(290, 325, 'credit_card', 1228.59, CURRENT_TIMESTAMP, CURRENT_TIMESTAMP, NULL),
(291, 327, 'credit_card', 956.35, CURRENT_TIMESTAMP, CURRENT_TIMESTAMP, NULL),
(292, 329, 'credit_card', 1493.88, CURRENT_TIMESTAMP, CURRENT_TIMESTAMP, NULL),
(293, 330, 'credit_card', 1414.88, CURRENT_TIMESTAMP, CURRENT_TIMESTAMP, NULL),
(294, 332, 'coupon', 790.58, CURRENT_TIMESTAMP, CURRENT_TIMESTAMP, NULL),
(295, 333, 'credit_card', 135.24, CURRENT_TIMESTAMP, CURRENT_TIMESTAMP, NULL),
(296, 336, 'bank_transfer', 336.12, CURRENT_TIMESTAMP, CURRENT_TIMESTAMP, NULL),
(297, 338, 'gift_card', 597.2, CURRENT_TIMESTAMP, CURRENT_TIMESTAMP, NULL),
(298, 339, 'coupon', 1404.18, CURRENT_TIMESTAMP, CURRENT_TIMESTAMP, NULL),
(299, 339, 'credit_card', 586.07, CURRENT_TIMESTAMP, CURRENT_TIMESTAMP, NULL),
(300, 340, 'coupon', 1178.76, CURRENT_TIMESTAMP, CURRENT_TIMESTAMP, NULL),
(301, 342, 'credit_card', 1253.26, CURRENT_TIMESTAMP, CURRENT_TIMESTAMP, NULL),
(302, 343, 'credit_card', 912.86, CURRENT_TIMESTAMP, CURRENT_TIMESTAMP, NULL),
(303, 344, 'credit_card', 336.34, CURRENT_TIMESTAMP, CURRENT_TIMESTAMP, NULL),
(304, 345, 'credit_card', 1043.05, CURRENT_TIMESTAMP, CURRENT_TIMESTAMP, NULL),
(305, 346, 'credit_card', 123.58, CURRENT_TIMESTAMP, CURRENT_TIMESTAMP, NULL),
(306, 347, 'credit_card', 149.85, CURRENT_TIMESTAMP, CURRENT_TIMESTAMP, NULL),
(307, 348, 'bank_transfer', 362.54, CURRENT_TIMESTAMP, CURRENT_TIMESTAMP, NULL),
(308, 351, 'bank_transfer', 900.95, CURRENT_TIMESTAMP, CURRENT_TIMESTAMP, NULL),
(309, 351, 'credit_card', 176.26, CURRENT_TIMESTAMP, CURRENT_TIMESTAMP, NULL),
(310, 352, 'credit_card', 219.69, CURRENT_TIMESTAMP, CURRENT_TIMESTAMP, NULL),
(311, 353, 'credit_card', 323.32, CURRENT_TIMESTAMP, CURRENT_TIMESTAMP, NULL),
(312, 355, 'coupon', 917.29, CURRENT_TIMESTAMP, CURRENT_TIMESTAMP, NULL),
(313, 356, 'credit_card', 595.86, CURRENT_TIMESTAMP, CURRENT_TIMESTAMP, NULL),
(314, 357, 'gift_card', 985.53, CURRENT_TIMESTAMP, CURRENT_TIMESTAMP, NULL),
(315, 358, 'credit_card', 1459.51, CURRENT_TIMESTAMP, CURRENT_TIMESTAMP, NULL),
(316, 358, 'gift_card', 573.44, CURRENT_TIMESTAMP, CURRENT_TIMESTAMP, NULL),
(317, 360, 'credit_card', 1129.73, CURRENT_TIMESTAMP, CURRENT_TIMESTAMP, NULL),
(318, 360, 'credit_card', 262.84, CURRENT_TIMESTAMP, CURRENT_TIMESTAMP, NULL),
(319, 361, 'credit_card', 819.04, CURRENT_TIMESTAMP, CURRENT_TIMESTAMP, NULL),
(320, 362, 'coupon', 831.43, CURRENT_TIMESTAMP, CURRENT_TIMESTAMP, NULL),
(321, 363, 'credit_card', 347.05, CURRENT_TIMESTAMP, CURRENT_TIMESTAMP, NULL),
(322, 364, 'bank_transfer', 447.85, CURRENT_TIMESTAMP, CURRENT_TIMESTAMP, NULL),
(323, 364, 'bank_transfer', 645.62, CURRENT_TIMESTAMP, CURRENT_TIMESTAMP, NULL),
(324, 365, 'bank_transfer', 1392.01, CURRENT_TIMESTAMP, CURRENT_TIMESTAMP, NULL);

-- Complete 12 pending orders from previous days
UPDATE jaffle_shop.orders
SET status = 'completed',
    updated_at = CURRENT_TIMESTAMP
WHERE order_id IN (293, 220, 281, 298, 276, 264, 214, 307, 255, 238, 232, 218);
