-- jaffle_shop Day 03 delta changes
-- Simulates business activity on Day 03 after baseline

-- Add 28 new customers
INSERT INTO jaffle_shop.customers (customer_id, first_name, last_name, email, created_at, updated_at, deleted_at) VALUES
(148, 'Val', 'Halpert', 'val.halpert148@example.com', CURRENT_TIMESTAMP, CURRENT_TIMESTAMP, NULL),
(149, 'Ryan', 'Malone', 'ryan.malone149@example.com', CURRENT_TIMESTAMP, CURRENT_TIMESTAMP, NULL),
(150, 'Gabe', 'Johnson', 'gabe.johnson150@example.com', CURRENT_TIMESTAMP, CURRENT_TIMESTAMP, NULL),
(151, 'Helene', 'Tanaka', 'helene.tanaka151@example.com', CURRENT_TIMESTAMP, CURRENT_TIMESTAMP, NULL),
(152, 'Val', 'Vance', 'val.vance152@example.com', CURRENT_TIMESTAMP, CURRENT_TIMESTAMP, NULL),
(153, 'David', 'Howard', 'david.howard153@example.com', CURRENT_TIMESTAMP, CURRENT_TIMESTAMP, NULL),
(154, 'Toby', 'Green', 'toby.green154@example.com', CURRENT_TIMESTAMP, CURRENT_TIMESTAMP, NULL),
(155, 'Brian', 'Miner', 'brian.miner155@example.com', CURRENT_TIMESTAMP, CURRENT_TIMESTAMP, NULL),
(156, 'David', 'Tanaka', 'david.tanaka156@example.com', CURRENT_TIMESTAMP, CURRENT_TIMESTAMP, NULL),
(157, 'Jessica', 'Wallace', 'jessica.wallace157@example.com', CURRENT_TIMESTAMP, CURRENT_TIMESTAMP, NULL),
(158, 'Katy', 'Bratton', 'katy.bratton158@example.com', CURRENT_TIMESTAMP, CURRENT_TIMESTAMP, NULL),
(159, 'Val', 'Bernard', 'val.bernard159@example.com', CURRENT_TIMESTAMP, CURRENT_TIMESTAMP, NULL),
(160, 'Oscar', 'Miner', 'oscar.miner160@example.com', CURRENT_TIMESTAMP, CURRENT_TIMESTAMP, NULL),
(161, 'Jo', 'Flenderson', 'jo.flenderson161@example.com', CURRENT_TIMESTAMP, CURRENT_TIMESTAMP, NULL),
(162, 'Pam', 'Flenderson', 'pam.flenderson162@example.com', CURRENT_TIMESTAMP, CURRENT_TIMESTAMP, NULL),
(163, 'Deangelo', 'Smith', 'deangelo.smith163@example.com', CURRENT_TIMESTAMP, CURRENT_TIMESTAMP, NULL),
(164, 'Kevin', 'Flax', 'kevin.flax164@example.com', CURRENT_TIMESTAMP, CURRENT_TIMESTAMP, NULL),
(165, 'Dwight', 'Beesly', 'dwight.beesly165@example.com', CURRENT_TIMESTAMP, CURRENT_TIMESTAMP, NULL),
(166, 'Erin', 'Lipton', 'erin.lipton166@example.com', CURRENT_TIMESTAMP, CURRENT_TIMESTAMP, NULL),
(167, 'Creed', 'Martin', 'creed.martin167@example.com', CURRENT_TIMESTAMP, CURRENT_TIMESTAMP, NULL),
(168, 'Donna', 'Martinez', 'donna.martinez168@example.com', CURRENT_TIMESTAMP, CURRENT_TIMESTAMP, NULL),
(169, 'Jan', 'Bennett', 'jan.bennett169@example.com', CURRENT_TIMESTAMP, CURRENT_TIMESTAMP, NULL),
(170, 'Robert', 'Withem', 'robert.withem170@example.com', CURRENT_TIMESTAMP, CURRENT_TIMESTAMP, NULL),
(171, 'Todd', 'Green', 'todd.green171@example.com', CURRENT_TIMESTAMP, CURRENT_TIMESTAMP, NULL),
(172, 'Robert', 'Kapoor', 'robert.kapoor172@example.com', CURRENT_TIMESTAMP, CURRENT_TIMESTAMP, NULL),
(173, 'Gabe', 'Wallace', 'gabe.wallace173@example.com', CURRENT_TIMESTAMP, CURRENT_TIMESTAMP, NULL),
(174, 'Michael', 'Garfield', 'michael.garfield174@example.com', CURRENT_TIMESTAMP, CURRENT_TIMESTAMP, NULL),
(175, 'Jordan', 'Palmer', 'jordan.palmer175@example.com', CURRENT_TIMESTAMP, CURRENT_TIMESTAMP, NULL);

-- Add 65 new orders
INSERT INTO jaffle_shop.orders (order_id, customer_id, order_date, status, created_at, updated_at, deleted_at) VALUES
(366, 148, CURRENT_DATE, 'completed', CURRENT_TIMESTAMP, CURRENT_TIMESTAMP, NULL),
(367, 149, CURRENT_DATE, 'completed', CURRENT_TIMESTAMP, CURRENT_TIMESTAMP, NULL),
(368, 150, CURRENT_DATE, 'pending', CURRENT_TIMESTAMP, CURRENT_TIMESTAMP, NULL),
(369, 151, CURRENT_DATE, 'completed', CURRENT_TIMESTAMP, CURRENT_TIMESTAMP, NULL),
(370, 152, CURRENT_DATE, 'cancelled', CURRENT_TIMESTAMP, CURRENT_TIMESTAMP, NULL),
(371, 153, CURRENT_DATE, 'completed', CURRENT_TIMESTAMP, CURRENT_TIMESTAMP, NULL),
(372, 154, CURRENT_DATE, 'completed', CURRENT_TIMESTAMP, CURRENT_TIMESTAMP, NULL),
(373, 155, CURRENT_DATE, 'completed', CURRENT_TIMESTAMP, CURRENT_TIMESTAMP, NULL),
(374, 156, CURRENT_DATE, 'completed', CURRENT_TIMESTAMP, CURRENT_TIMESTAMP, NULL),
(375, 157, CURRENT_DATE, 'pending', CURRENT_TIMESTAMP, CURRENT_TIMESTAMP, NULL),
(376, 158, CURRENT_DATE, 'completed', CURRENT_TIMESTAMP, CURRENT_TIMESTAMP, NULL),
(377, 159, CURRENT_DATE, 'pending', CURRENT_TIMESTAMP, CURRENT_TIMESTAMP, NULL),
(378, 160, CURRENT_DATE, 'completed', CURRENT_TIMESTAMP, CURRENT_TIMESTAMP, NULL),
(379, 161, CURRENT_DATE, 'pending', CURRENT_TIMESTAMP, CURRENT_TIMESTAMP, NULL),
(380, 162, CURRENT_DATE, 'completed', CURRENT_TIMESTAMP, CURRENT_TIMESTAMP, NULL),
(381, 163, CURRENT_DATE, 'completed', CURRENT_TIMESTAMP, CURRENT_TIMESTAMP, NULL),
(382, 164, CURRENT_DATE, 'completed', CURRENT_TIMESTAMP, CURRENT_TIMESTAMP, NULL),
(383, 165, CURRENT_DATE, 'completed', CURRENT_TIMESTAMP, CURRENT_TIMESTAMP, NULL),
(384, 166, CURRENT_DATE, 'completed', CURRENT_TIMESTAMP, CURRENT_TIMESTAMP, NULL),
(385, 167, CURRENT_DATE, 'pending', CURRENT_TIMESTAMP, CURRENT_TIMESTAMP, NULL),
(386, 168, CURRENT_DATE, 'completed', CURRENT_TIMESTAMP, CURRENT_TIMESTAMP, NULL),
(387, 169, CURRENT_DATE, 'completed', CURRENT_TIMESTAMP, CURRENT_TIMESTAMP, NULL),
(388, 170, CURRENT_DATE, 'completed', CURRENT_TIMESTAMP, CURRENT_TIMESTAMP, NULL),
(389, 171, CURRENT_DATE, 'completed', CURRENT_TIMESTAMP, CURRENT_TIMESTAMP, NULL),
(390, 172, CURRENT_DATE, 'pending', CURRENT_TIMESTAMP, CURRENT_TIMESTAMP, NULL),
(391, 173, CURRENT_DATE, 'completed', CURRENT_TIMESTAMP, CURRENT_TIMESTAMP, NULL),
(392, 174, CURRENT_DATE, 'completed', CURRENT_TIMESTAMP, CURRENT_TIMESTAMP, NULL),
(393, 175, CURRENT_DATE, 'completed', CURRENT_TIMESTAMP, CURRENT_TIMESTAMP, NULL),
(394, 89, CURRENT_DATE, 'completed', CURRENT_TIMESTAMP, CURRENT_TIMESTAMP, NULL),
(395, 174, CURRENT_DATE, 'completed', CURRENT_TIMESTAMP, CURRENT_TIMESTAMP, NULL),
(396, 133, CURRENT_DATE, 'pending', CURRENT_TIMESTAMP, CURRENT_TIMESTAMP, NULL),
(397, 99, CURRENT_DATE, 'completed', CURRENT_TIMESTAMP, CURRENT_TIMESTAMP, NULL),
(398, 69, CURRENT_DATE, 'completed', CURRENT_TIMESTAMP, CURRENT_TIMESTAMP, NULL),
(399, 119, CURRENT_DATE, 'completed', CURRENT_TIMESTAMP, CURRENT_TIMESTAMP, NULL),
(400, 92, CURRENT_DATE, 'pending', CURRENT_TIMESTAMP, CURRENT_TIMESTAMP, NULL),
(401, 115, CURRENT_DATE, 'cancelled', CURRENT_TIMESTAMP, CURRENT_TIMESTAMP, NULL),
(402, 6, CURRENT_DATE, 'completed', CURRENT_TIMESTAMP, CURRENT_TIMESTAMP, NULL),
(403, 84, CURRENT_DATE, 'completed', CURRENT_TIMESTAMP, CURRENT_TIMESTAMP, NULL),
(404, 129, CURRENT_DATE, 'completed', CURRENT_TIMESTAMP, CURRENT_TIMESTAMP, NULL),
(405, 158, CURRENT_DATE, 'pending', CURRENT_TIMESTAMP, CURRENT_TIMESTAMP, NULL),
(406, 101, CURRENT_DATE, 'completed', CURRENT_TIMESTAMP, CURRENT_TIMESTAMP, NULL),
(407, 30, CURRENT_DATE, 'completed', CURRENT_TIMESTAMP, CURRENT_TIMESTAMP, NULL),
(408, 160, CURRENT_DATE, 'completed', CURRENT_TIMESTAMP, CURRENT_TIMESTAMP, NULL),
(409, 47, CURRENT_DATE, 'completed', CURRENT_TIMESTAMP, CURRENT_TIMESTAMP, NULL),
(410, 89, CURRENT_DATE, 'pending', CURRENT_TIMESTAMP, CURRENT_TIMESTAMP, NULL),
(411, 148, CURRENT_DATE, 'completed', CURRENT_TIMESTAMP, CURRENT_TIMESTAMP, NULL),
(412, 13, CURRENT_DATE, 'completed', CURRENT_TIMESTAMP, CURRENT_TIMESTAMP, NULL),
(413, 164, CURRENT_DATE, 'completed', CURRENT_TIMESTAMP, CURRENT_TIMESTAMP, NULL),
(414, 16, CURRENT_DATE, 'pending', CURRENT_TIMESTAMP, CURRENT_TIMESTAMP, NULL),
(415, 172, CURRENT_DATE, 'completed', CURRENT_TIMESTAMP, CURRENT_TIMESTAMP, NULL),
(416, 52, CURRENT_DATE, 'completed', CURRENT_TIMESTAMP, CURRENT_TIMESTAMP, NULL),
(417, 141, CURRENT_DATE, 'completed', CURRENT_TIMESTAMP, CURRENT_TIMESTAMP, NULL),
(418, 108, CURRENT_DATE, 'completed', CURRENT_TIMESTAMP, CURRENT_TIMESTAMP, NULL),
(419, 141, CURRENT_DATE, 'pending', CURRENT_TIMESTAMP, CURRENT_TIMESTAMP, NULL),
(420, 168, CURRENT_DATE, 'pending', CURRENT_TIMESTAMP, CURRENT_TIMESTAMP, NULL),
(421, 59, CURRENT_DATE, 'completed', CURRENT_TIMESTAMP, CURRENT_TIMESTAMP, NULL),
(422, 154, CURRENT_DATE, 'completed', CURRENT_TIMESTAMP, CURRENT_TIMESTAMP, NULL),
(423, 158, CURRENT_DATE, 'completed', CURRENT_TIMESTAMP, CURRENT_TIMESTAMP, NULL),
(424, 95, CURRENT_DATE, 'completed', CURRENT_TIMESTAMP, CURRENT_TIMESTAMP, NULL),
(425, 66, CURRENT_DATE, 'pending', CURRENT_TIMESTAMP, CURRENT_TIMESTAMP, NULL),
(426, 87, CURRENT_DATE, 'completed', CURRENT_TIMESTAMP, CURRENT_TIMESTAMP, NULL),
(427, 79, CURRENT_DATE, 'pending', CURRENT_TIMESTAMP, CURRENT_TIMESTAMP, NULL),
(428, 110, CURRENT_DATE, 'completed', CURRENT_TIMESTAMP, CURRENT_TIMESTAMP, NULL),
(429, 159, CURRENT_DATE, 'completed', CURRENT_TIMESTAMP, CURRENT_TIMESTAMP, NULL),
(430, 152, CURRENT_DATE, 'pending', CURRENT_TIMESTAMP, CURRENT_TIMESTAMP, NULL);

-- Add order items for new orders
INSERT INTO jaffle_shop.order_items (order_item_id, order_id, product_id, quantity, unit_price, created_at, updated_at, deleted_at) VALUES
(521, 366, 1, 1, 1099.99, CURRENT_TIMESTAMP, CURRENT_TIMESTAMP, NULL),
(522, 367, 1, 1, 1099.99, CURRENT_TIMESTAMP, CURRENT_TIMESTAMP, NULL),
(523, 368, 8, 1, 49.99, CURRENT_TIMESTAMP, CURRENT_TIMESTAMP, NULL),
(524, 369, 3, 1, 79.99, CURRENT_TIMESTAMP, CURRENT_TIMESTAMP, NULL),
(525, 369, 4, 1, 299.99, CURRENT_TIMESTAMP, CURRENT_TIMESTAMP, NULL),
(526, 369, 3, 1, 79.99, CURRENT_TIMESTAMP, CURRENT_TIMESTAMP, NULL),
(527, 370, 6, 2, 149.99, CURRENT_TIMESTAMP, CURRENT_TIMESTAMP, NULL),
(528, 370, 10, 1, 24.99, CURRENT_TIMESTAMP, CURRENT_TIMESTAMP, NULL),
(529, 370, 8, 1, 49.99, CURRENT_TIMESTAMP, CURRENT_TIMESTAMP, NULL),
(530, 371, 8, 2, 49.99, CURRENT_TIMESTAMP, CURRENT_TIMESTAMP, NULL),
(531, 371, 8, 2, 49.99, CURRENT_TIMESTAMP, CURRENT_TIMESTAMP, NULL),
(532, 372, 8, 2, 49.99, CURRENT_TIMESTAMP, CURRENT_TIMESTAMP, NULL),
(533, 372, 9, 3, 399.99, CURRENT_TIMESTAMP, CURRENT_TIMESTAMP, NULL),
(534, 372, 5, 1, 199.99, CURRENT_TIMESTAMP, CURRENT_TIMESTAMP, NULL),
(535, 373, 5, 1, 199.99, CURRENT_TIMESTAMP, CURRENT_TIMESTAMP, NULL),
(536, 374, 9, 1, 399.99, CURRENT_TIMESTAMP, CURRENT_TIMESTAMP, NULL),
(537, 374, 10, 1, 24.99, CURRENT_TIMESTAMP, CURRENT_TIMESTAMP, NULL),
(538, 375, 4, 1, 299.99, CURRENT_TIMESTAMP, CURRENT_TIMESTAMP, NULL),
(539, 375, 9, 1, 399.99, CURRENT_TIMESTAMP, CURRENT_TIMESTAMP, NULL),
(540, 375, 9, 2, 399.99, CURRENT_TIMESTAMP, CURRENT_TIMESTAMP, NULL),
(541, 376, 9, 1, 399.99, CURRENT_TIMESTAMP, CURRENT_TIMESTAMP, NULL),
(542, 377, 7, 1, 89.99, CURRENT_TIMESTAMP, CURRENT_TIMESTAMP, NULL),
(543, 378, 7, 1, 89.99, CURRENT_TIMESTAMP, CURRENT_TIMESTAMP, NULL),
(544, 379, 7, 1, 89.99, CURRENT_TIMESTAMP, CURRENT_TIMESTAMP, NULL),
(545, 379, 6, 2, 149.99, CURRENT_TIMESTAMP, CURRENT_TIMESTAMP, NULL),
(546, 380, 6, 2, 149.99, CURRENT_TIMESTAMP, CURRENT_TIMESTAMP, NULL),
(547, 381, 5, 1, 199.99, CURRENT_TIMESTAMP, CURRENT_TIMESTAMP, NULL),
(548, 382, 3, 1, 79.99, CURRENT_TIMESTAMP, CURRENT_TIMESTAMP, NULL),
(549, 383, 4, 1, 299.99, CURRENT_TIMESTAMP, CURRENT_TIMESTAMP, NULL),
(550, 384, 6, 1, 149.99, CURRENT_TIMESTAMP, CURRENT_TIMESTAMP, NULL),
(551, 384, 1, 1, 1099.99, CURRENT_TIMESTAMP, CURRENT_TIMESTAMP, NULL),
(552, 385, 7, 1, 89.99, CURRENT_TIMESTAMP, CURRENT_TIMESTAMP, NULL),
(553, 385, 7, 2, 89.99, CURRENT_TIMESTAMP, CURRENT_TIMESTAMP, NULL),
(554, 386, 10, 1, 24.99, CURRENT_TIMESTAMP, CURRENT_TIMESTAMP, NULL),
(555, 387, 2, 1, 34.99, CURRENT_TIMESTAMP, CURRENT_TIMESTAMP, NULL),
(556, 387, 6, 1, 149.99, CURRENT_TIMESTAMP, CURRENT_TIMESTAMP, NULL),
(557, 387, 6, 2, 149.99, CURRENT_TIMESTAMP, CURRENT_TIMESTAMP, NULL),
(558, 388, 4, 1, 299.99, CURRENT_TIMESTAMP, CURRENT_TIMESTAMP, NULL),
(559, 388, 7, 1, 89.99, CURRENT_TIMESTAMP, CURRENT_TIMESTAMP, NULL),
(560, 388, 10, 1, 24.99, CURRENT_TIMESTAMP, CURRENT_TIMESTAMP, NULL),
(561, 389, 7, 1, 89.99, CURRENT_TIMESTAMP, CURRENT_TIMESTAMP, NULL),
(562, 389, 5, 2, 199.99, CURRENT_TIMESTAMP, CURRENT_TIMESTAMP, NULL),
(563, 389, 2, 1, 34.99, CURRENT_TIMESTAMP, CURRENT_TIMESTAMP, NULL),
(564, 390, 6, 1, 149.99, CURRENT_TIMESTAMP, CURRENT_TIMESTAMP, NULL),
(565, 390, 4, 2, 299.99, CURRENT_TIMESTAMP, CURRENT_TIMESTAMP, NULL),
(566, 391, 9, 1, 399.99, CURRENT_TIMESTAMP, CURRENT_TIMESTAMP, NULL),
(567, 391, 7, 2, 89.99, CURRENT_TIMESTAMP, CURRENT_TIMESTAMP, NULL),
(568, 392, 5, 1, 199.99, CURRENT_TIMESTAMP, CURRENT_TIMESTAMP, NULL),
(569, 393, 3, 1, 79.99, CURRENT_TIMESTAMP, CURRENT_TIMESTAMP, NULL),
(570, 394, 3, 1, 79.99, CURRENT_TIMESTAMP, CURRENT_TIMESTAMP, NULL),
(571, 394, 8, 3, 49.99, CURRENT_TIMESTAMP, CURRENT_TIMESTAMP, NULL),
(572, 395, 6, 1, 149.99, CURRENT_TIMESTAMP, CURRENT_TIMESTAMP, NULL),
(573, 395, 2, 1, 34.99, CURRENT_TIMESTAMP, CURRENT_TIMESTAMP, NULL),
(574, 396, 1, 1, 1099.99, CURRENT_TIMESTAMP, CURRENT_TIMESTAMP, NULL),
(575, 396, 6, 1, 149.99, CURRENT_TIMESTAMP, CURRENT_TIMESTAMP, NULL),
(576, 397, 2, 3, 34.99, CURRENT_TIMESTAMP, CURRENT_TIMESTAMP, NULL),
(577, 397, 9, 2, 399.99, CURRENT_TIMESTAMP, CURRENT_TIMESTAMP, NULL),
(578, 397, 3, 3, 79.99, CURRENT_TIMESTAMP, CURRENT_TIMESTAMP, NULL),
(579, 398, 7, 1, 89.99, CURRENT_TIMESTAMP, CURRENT_TIMESTAMP, NULL),
(580, 398, 9, 1, 399.99, CURRENT_TIMESTAMP, CURRENT_TIMESTAMP, NULL),
(581, 398, 9, 2, 399.99, CURRENT_TIMESTAMP, CURRENT_TIMESTAMP, NULL),
(582, 399, 2, 1, 34.99, CURRENT_TIMESTAMP, CURRENT_TIMESTAMP, NULL),
(583, 399, 9, 1, 399.99, CURRENT_TIMESTAMP, CURRENT_TIMESTAMP, NULL),
(584, 400, 10, 2, 24.99, CURRENT_TIMESTAMP, CURRENT_TIMESTAMP, NULL),
(585, 401, 3, 2, 79.99, CURRENT_TIMESTAMP, CURRENT_TIMESTAMP, NULL),
(586, 401, 4, 1, 299.99, CURRENT_TIMESTAMP, CURRENT_TIMESTAMP, NULL),
(587, 402, 10, 1, 24.99, CURRENT_TIMESTAMP, CURRENT_TIMESTAMP, NULL),
(588, 403, 6, 1, 149.99, CURRENT_TIMESTAMP, CURRENT_TIMESTAMP, NULL),
(589, 404, 4, 1, 299.99, CURRENT_TIMESTAMP, CURRENT_TIMESTAMP, NULL),
(590, 405, 9, 1, 399.99, CURRENT_TIMESTAMP, CURRENT_TIMESTAMP, NULL),
(591, 405, 4, 3, 299.99, CURRENT_TIMESTAMP, CURRENT_TIMESTAMP, NULL),
(592, 406, 8, 1, 49.99, CURRENT_TIMESTAMP, CURRENT_TIMESTAMP, NULL),
(593, 407, 8, 1, 49.99, CURRENT_TIMESTAMP, CURRENT_TIMESTAMP, NULL),
(594, 407, 1, 1, 1099.99, CURRENT_TIMESTAMP, CURRENT_TIMESTAMP, NULL),
(595, 408, 7, 1, 89.99, CURRENT_TIMESTAMP, CURRENT_TIMESTAMP, NULL),
(596, 408, 7, 1, 89.99, CURRENT_TIMESTAMP, CURRENT_TIMESTAMP, NULL),
(597, 409, 3, 1, 79.99, CURRENT_TIMESTAMP, CURRENT_TIMESTAMP, NULL),
(598, 409, 6, 1, 149.99, CURRENT_TIMESTAMP, CURRENT_TIMESTAMP, NULL),
(599, 410, 4, 1, 299.99, CURRENT_TIMESTAMP, CURRENT_TIMESTAMP, NULL),
(600, 410, 1, 2, 1099.99, CURRENT_TIMESTAMP, CURRENT_TIMESTAMP, NULL),
(601, 411, 8, 1, 49.99, CURRENT_TIMESTAMP, CURRENT_TIMESTAMP, NULL),
(602, 411, 10, 1, 24.99, CURRENT_TIMESTAMP, CURRENT_TIMESTAMP, NULL),
(603, 412, 7, 1, 89.99, CURRENT_TIMESTAMP, CURRENT_TIMESTAMP, NULL),
(604, 413, 3, 1, 79.99, CURRENT_TIMESTAMP, CURRENT_TIMESTAMP, NULL),
(605, 414, 3, 1, 79.99, CURRENT_TIMESTAMP, CURRENT_TIMESTAMP, NULL),
(606, 415, 7, 1, 89.99, CURRENT_TIMESTAMP, CURRENT_TIMESTAMP, NULL),
(607, 415, 10, 3, 24.99, CURRENT_TIMESTAMP, CURRENT_TIMESTAMP, NULL),
(608, 416, 6, 1, 149.99, CURRENT_TIMESTAMP, CURRENT_TIMESTAMP, NULL),
(609, 416, 10, 3, 24.99, CURRENT_TIMESTAMP, CURRENT_TIMESTAMP, NULL),
(610, 417, 7, 1, 89.99, CURRENT_TIMESTAMP, CURRENT_TIMESTAMP, NULL),
(611, 418, 1, 1, 1099.99, CURRENT_TIMESTAMP, CURRENT_TIMESTAMP, NULL),
(612, 418, 1, 1, 1099.99, CURRENT_TIMESTAMP, CURRENT_TIMESTAMP, NULL),
(613, 418, 3, 1, 79.99, CURRENT_TIMESTAMP, CURRENT_TIMESTAMP, NULL),
(614, 419, 9, 1, 399.99, CURRENT_TIMESTAMP, CURRENT_TIMESTAMP, NULL),
(615, 420, 7, 1, 89.99, CURRENT_TIMESTAMP, CURRENT_TIMESTAMP, NULL),
(616, 421, 7, 1, 89.99, CURRENT_TIMESTAMP, CURRENT_TIMESTAMP, NULL),
(617, 421, 6, 1, 149.99, CURRENT_TIMESTAMP, CURRENT_TIMESTAMP, NULL),
(618, 422, 5, 1, 199.99, CURRENT_TIMESTAMP, CURRENT_TIMESTAMP, NULL),
(619, 423, 9, 1, 399.99, CURRENT_TIMESTAMP, CURRENT_TIMESTAMP, NULL),
(620, 423, 3, 1, 79.99, CURRENT_TIMESTAMP, CURRENT_TIMESTAMP, NULL),
(621, 423, 2, 2, 34.99, CURRENT_TIMESTAMP, CURRENT_TIMESTAMP, NULL),
(622, 424, 10, 1, 24.99, CURRENT_TIMESTAMP, CURRENT_TIMESTAMP, NULL),
(623, 425, 10, 1, 24.99, CURRENT_TIMESTAMP, CURRENT_TIMESTAMP, NULL),
(624, 425, 6, 1, 149.99, CURRENT_TIMESTAMP, CURRENT_TIMESTAMP, NULL),
(625, 426, 3, 2, 79.99, CURRENT_TIMESTAMP, CURRENT_TIMESTAMP, NULL),
(626, 426, 10, 3, 24.99, CURRENT_TIMESTAMP, CURRENT_TIMESTAMP, NULL),
(627, 426, 3, 1, 79.99, CURRENT_TIMESTAMP, CURRENT_TIMESTAMP, NULL),
(628, 427, 9, 1, 399.99, CURRENT_TIMESTAMP, CURRENT_TIMESTAMP, NULL),
(629, 428, 8, 2, 49.99, CURRENT_TIMESTAMP, CURRENT_TIMESTAMP, NULL),
(630, 429, 4, 1, 299.99, CURRENT_TIMESTAMP, CURRENT_TIMESTAMP, NULL),
(631, 429, 3, 1, 79.99, CURRENT_TIMESTAMP, CURRENT_TIMESTAMP, NULL),
(632, 429, 8, 2, 49.99, CURRENT_TIMESTAMP, CURRENT_TIMESTAMP, NULL),
(633, 430, 1, 2, 1099.99, CURRENT_TIMESTAMP, CURRENT_TIMESTAMP, NULL),
(634, 430, 6, 1, 149.99, CURRENT_TIMESTAMP, CURRENT_TIMESTAMP, NULL),
(635, 430, 2, 1, 34.99, CURRENT_TIMESTAMP, CURRENT_TIMESTAMP, NULL);

-- Add payments for completed orders
INSERT INTO jaffle_shop.payments (payment_id, order_id, payment_method, amount, created_at, updated_at, deleted_at) VALUES
(341, 366, 'credit_card', 970.14, CURRENT_TIMESTAMP, CURRENT_TIMESTAMP, NULL),
(342, 367, 'gift_card', 118.37, CURRENT_TIMESTAMP, CURRENT_TIMESTAMP, NULL),
(343, 369, 'gift_card', 1399.95, CURRENT_TIMESTAMP, CURRENT_TIMESTAMP, NULL),
(344, 371, 'bank_transfer', 1170.13, CURRENT_TIMESTAMP, CURRENT_TIMESTAMP, NULL),
(345, 371, 'credit_card', 452.13, CURRENT_TIMESTAMP, CURRENT_TIMESTAMP, NULL),
(346, 372, 'gift_card', 1129.44, CURRENT_TIMESTAMP, CURRENT_TIMESTAMP, NULL),
(347, 373, 'bank_transfer', 85.29, CURRENT_TIMESTAMP, CURRENT_TIMESTAMP, NULL),
(348, 374, 'credit_card', 569.79, CURRENT_TIMESTAMP, CURRENT_TIMESTAMP, NULL),
(349, 376, 'credit_card', 1430.53, CURRENT_TIMESTAMP, CURRENT_TIMESTAMP, NULL),
(350, 378, 'credit_card', 263.71, CURRENT_TIMESTAMP, CURRENT_TIMESTAMP, NULL),
(351, 378, 'credit_card', 374.35, CURRENT_TIMESTAMP, CURRENT_TIMESTAMP, NULL),
(352, 380, 'credit_card', 460.98, CURRENT_TIMESTAMP, CURRENT_TIMESTAMP, NULL),
(353, 381, 'bank_transfer', 1272.05, CURRENT_TIMESTAMP, CURRENT_TIMESTAMP, NULL),
(354, 382, 'credit_card', 943.62, CURRENT_TIMESTAMP, CURRENT_TIMESTAMP, NULL),
(355, 383, 'gift_card', 1348.78, CURRENT_TIMESTAMP, CURRENT_TIMESTAMP, NULL),
(356, 383, 'gift_card', 647.06, CURRENT_TIMESTAMP, CURRENT_TIMESTAMP, NULL),
(357, 384, 'bank_transfer', 902.06, CURRENT_TIMESTAMP, CURRENT_TIMESTAMP, NULL),
(358, 386, 'credit_card', 90.0, CURRENT_TIMESTAMP, CURRENT_TIMESTAMP, NULL),
(359, 386, 'gift_card', 454.72, CURRENT_TIMESTAMP, CURRENT_TIMESTAMP, NULL),
(360, 387, 'gift_card', 834.48, CURRENT_TIMESTAMP, CURRENT_TIMESTAMP, NULL),
(361, 388, 'credit_card', 1394.58, CURRENT_TIMESTAMP, CURRENT_TIMESTAMP, NULL),
(362, 389, 'credit_card', 575.66, CURRENT_TIMESTAMP, CURRENT_TIMESTAMP, NULL),
(363, 391, 'bank_transfer', 1201.87, CURRENT_TIMESTAMP, CURRENT_TIMESTAMP, NULL),
(364, 391, 'gift_card', 175.27, CURRENT_TIMESTAMP, CURRENT_TIMESTAMP, NULL),
(365, 392, 'gift_card', 616.93, CURRENT_TIMESTAMP, CURRENT_TIMESTAMP, NULL),
(366, 393, 'credit_card', 300.98, CURRENT_TIMESTAMP, CURRENT_TIMESTAMP, NULL),
(367, 394, 'gift_card', 902.96, CURRENT_TIMESTAMP, CURRENT_TIMESTAMP, NULL),
(368, 395, 'coupon', 407.22, CURRENT_TIMESTAMP, CURRENT_TIMESTAMP, NULL),
(369, 395, 'credit_card', 1275.17, CURRENT_TIMESTAMP, CURRENT_TIMESTAMP, NULL),
(370, 397, 'credit_card', 1105.16, CURRENT_TIMESTAMP, CURRENT_TIMESTAMP, NULL),
(371, 398, 'bank_transfer', 1192.79, CURRENT_TIMESTAMP, CURRENT_TIMESTAMP, NULL),
(372, 399, 'credit_card', 294.34, CURRENT_TIMESTAMP, CURRENT_TIMESTAMP, NULL),
(373, 402, 'credit_card', 245.53, CURRENT_TIMESTAMP, CURRENT_TIMESTAMP, NULL),
(374, 403, 'credit_card', 1379.7, CURRENT_TIMESTAMP, CURRENT_TIMESTAMP, NULL),
(375, 404, 'credit_card', 422.21, CURRENT_TIMESTAMP, CURRENT_TIMESTAMP, NULL),
(376, 406, 'credit_card', 514.22, CURRENT_TIMESTAMP, CURRENT_TIMESTAMP, NULL),
(377, 407, 'credit_card', 1262.17, CURRENT_TIMESTAMP, CURRENT_TIMESTAMP, NULL),
(378, 408, 'coupon', 1363.93, CURRENT_TIMESTAMP, CURRENT_TIMESTAMP, NULL),
(379, 408, 'credit_card', 286.68, CURRENT_TIMESTAMP, CURRENT_TIMESTAMP, NULL),
(380, 409, 'credit_card', 1221.08, CURRENT_TIMESTAMP, CURRENT_TIMESTAMP, NULL),
(381, 411, 'credit_card', 1325.76, CURRENT_TIMESTAMP, CURRENT_TIMESTAMP, NULL),
(382, 412, 'credit_card', 130.24, CURRENT_TIMESTAMP, CURRENT_TIMESTAMP, NULL),
(383, 413, 'gift_card', 910.51, CURRENT_TIMESTAMP, CURRENT_TIMESTAMP, NULL),
(384, 415, 'credit_card', 947.67, CURRENT_TIMESTAMP, CURRENT_TIMESTAMP, NULL),
(385, 416, 'bank_transfer', 859.01, CURRENT_TIMESTAMP, CURRENT_TIMESTAMP, NULL),
(386, 417, 'coupon', 1139.12, CURRENT_TIMESTAMP, CURRENT_TIMESTAMP, NULL),
(387, 418, 'credit_card', 716.09, CURRENT_TIMESTAMP, CURRENT_TIMESTAMP, NULL),
(388, 421, 'credit_card', 664.11, CURRENT_TIMESTAMP, CURRENT_TIMESTAMP, NULL),
(389, 421, 'gift_card', 832.82, CURRENT_TIMESTAMP, CURRENT_TIMESTAMP, NULL),
(390, 422, 'gift_card', 680.84, CURRENT_TIMESTAMP, CURRENT_TIMESTAMP, NULL),
(391, 423, 'credit_card', 373.35, CURRENT_TIMESTAMP, CURRENT_TIMESTAMP, NULL),
(392, 424, 'coupon', 475.2, CURRENT_TIMESTAMP, CURRENT_TIMESTAMP, NULL),
(393, 424, 'credit_card', 984.25, CURRENT_TIMESTAMP, CURRENT_TIMESTAMP, NULL),
(394, 426, 'bank_transfer', 787.26, CURRENT_TIMESTAMP, CURRENT_TIMESTAMP, NULL),
(395, 426, 'bank_transfer', 590.87, CURRENT_TIMESTAMP, CURRENT_TIMESTAMP, NULL),
(396, 428, 'bank_transfer', 1227.23, CURRENT_TIMESTAMP, CURRENT_TIMESTAMP, NULL),
(397, 428, 'credit_card', 963.1, CURRENT_TIMESTAMP, CURRENT_TIMESTAMP, NULL),
(398, 429, 'credit_card', 390.53, CURRENT_TIMESTAMP, CURRENT_TIMESTAMP, NULL);

-- Complete 10 pending orders from previous days
UPDATE jaffle_shop.orders
SET status = 'completed',
    updated_at = CURRENT_TIMESTAMP
WHERE order_id IN (308, 307, 364, 317, 286, 336, 292, 330, 278, 287);

-- Cancel 3 old pending orders
UPDATE jaffle_shop.orders
SET status = 'cancelled',
    updated_at = CURRENT_TIMESTAMP
WHERE order_id IN (310, 318, 293);
