-- jaffle_shop Day 01 delta changes
-- Simulates business activity on Day 01 after baseline

-- Add 25 new customers
INSERT INTO jaffle_shop.customers (customer_id, first_name, last_name, email, created_at, updated_at, deleted_at) VALUES
(101, 'Brian', 'Kapoor', 'brian.kapoor101@example.com', CURRENT_TIMESTAMP, CURRENT_TIMESTAMP, NULL),
(102, 'Phyllis', 'Smith', 'phyllis.smith102@example.com', CURRENT_TIMESTAMP, CURRENT_TIMESTAMP, NULL),
(103, 'Helene', 'Cordray', 'helene.cordray103@example.com', CURRENT_TIMESTAMP, CURRENT_TIMESTAMP, NULL),
(104, 'Dwight', 'Kapoor', 'dwight.kapoor104@example.com', CURRENT_TIMESTAMP, CURRENT_TIMESTAMP, NULL),
(105, 'Brian', 'California', 'brian.california105@example.com', CURRENT_TIMESTAMP, CURRENT_TIMESTAMP, NULL),
(106, 'Helene', 'Filippelli', 'helene.filippelli106@example.com', CURRENT_TIMESTAMP, CURRENT_TIMESTAMP, NULL),
(107, 'Meredith', 'Smith', 'meredith.smith107@example.com', CURRENT_TIMESTAMP, CURRENT_TIMESTAMP, NULL),
(108, 'Stanley', 'Martin', 'stanley.martin108@example.com', CURRENT_TIMESTAMP, CURRENT_TIMESTAMP, NULL),
(109, 'Roy', 'Bratton', 'roy.bratton109@example.com', CURRENT_TIMESTAMP, CURRENT_TIMESTAMP, NULL),
(110, 'Clark', 'Lipton', 'clark.lipton110@example.com', CURRENT_TIMESTAMP, CURRENT_TIMESTAMP, NULL),
(111, 'Toby', 'Lewis', 'toby.lewis111@example.com', CURRENT_TIMESTAMP, CURRENT_TIMESTAMP, NULL),
(112, 'Karen', 'Withem', 'karen.withem112@example.com', CURRENT_TIMESTAMP, CURRENT_TIMESTAMP, NULL),
(113, 'Dwight', 'Anderson', 'dwight.anderson113@example.com', CURRENT_TIMESTAMP, CURRENT_TIMESTAMP, NULL),
(114, 'Meredith', 'Simms', 'meredith.simms114@example.com', CURRENT_TIMESTAMP, CURRENT_TIMESTAMP, NULL),
(115, 'Darryl', 'Kapoor', 'darryl.kapoor115@example.com', CURRENT_TIMESTAMP, CURRENT_TIMESTAMP, NULL),
(116, 'Donna', 'Lipton', 'donna.lipton116@example.com', CURRENT_TIMESTAMP, CURRENT_TIMESTAMP, NULL),
(117, 'Meredith', 'Hannon', 'meredith.hannon117@example.com', CURRENT_TIMESTAMP, CURRENT_TIMESTAMP, NULL),
(118, 'Helene', 'Hannon', 'helene.hannon118@example.com', CURRENT_TIMESTAMP, CURRENT_TIMESTAMP, NULL),
(119, 'Darryl', 'Hannon', 'darryl.hannon119@example.com', CURRENT_TIMESTAMP, CURRENT_TIMESTAMP, NULL),
(120, 'Charles', 'Palmer', 'charles.palmer120@example.com', CURRENT_TIMESTAMP, CURRENT_TIMESTAMP, NULL),
(121, 'Angela', 'Flenderson', 'angela.flenderson121@example.com', CURRENT_TIMESTAMP, CURRENT_TIMESTAMP, NULL),
(122, 'Charles', 'Flenderson', 'charles.flenderson122@example.com', CURRENT_TIMESTAMP, CURRENT_TIMESTAMP, NULL),
(123, 'Pam', 'Anderson', 'pam.anderson123@example.com', CURRENT_TIMESTAMP, CURRENT_TIMESTAMP, NULL),
(124, 'Roy', 'Packer', 'roy.packer124@example.com', CURRENT_TIMESTAMP, CURRENT_TIMESTAMP, NULL),
(125, 'Meredith', 'Bratton', 'meredith.bratton125@example.com', CURRENT_TIMESTAMP, CURRENT_TIMESTAMP, NULL);

-- Add 60 new orders
INSERT INTO jaffle_shop.orders (order_id, customer_id, order_date, status, created_at, updated_at, deleted_at) VALUES
(251, 101, CURRENT_DATE, 'pending', CURRENT_TIMESTAMP, CURRENT_TIMESTAMP, NULL),
(252, 102, CURRENT_DATE, 'completed', CURRENT_TIMESTAMP, CURRENT_TIMESTAMP, NULL),
(253, 103, CURRENT_DATE, 'completed', CURRENT_TIMESTAMP, CURRENT_TIMESTAMP, NULL),
(254, 104, CURRENT_DATE, 'completed', CURRENT_TIMESTAMP, CURRENT_TIMESTAMP, NULL),
(255, 105, CURRENT_DATE, 'completed', CURRENT_TIMESTAMP, CURRENT_TIMESTAMP, NULL),
(256, 106, CURRENT_DATE, 'completed', CURRENT_TIMESTAMP, CURRENT_TIMESTAMP, NULL),
(257, 107, CURRENT_DATE, 'completed', CURRENT_TIMESTAMP, CURRENT_TIMESTAMP, NULL),
(258, 108, CURRENT_DATE, 'completed', CURRENT_TIMESTAMP, CURRENT_TIMESTAMP, NULL),
(259, 109, CURRENT_DATE, 'completed', CURRENT_TIMESTAMP, CURRENT_TIMESTAMP, NULL),
(260, 110, CURRENT_DATE, 'completed', CURRENT_TIMESTAMP, CURRENT_TIMESTAMP, NULL),
(261, 111, CURRENT_DATE, 'completed', CURRENT_TIMESTAMP, CURRENT_TIMESTAMP, NULL),
(262, 112, CURRENT_DATE, 'completed', CURRENT_TIMESTAMP, CURRENT_TIMESTAMP, NULL),
(263, 113, CURRENT_DATE, 'completed', CURRENT_TIMESTAMP, CURRENT_TIMESTAMP, NULL),
(264, 114, CURRENT_DATE, 'completed', CURRENT_TIMESTAMP, CURRENT_TIMESTAMP, NULL),
(265, 115, CURRENT_DATE, 'completed', CURRENT_TIMESTAMP, CURRENT_TIMESTAMP, NULL),
(266, 116, CURRENT_DATE, 'pending', CURRENT_TIMESTAMP, CURRENT_TIMESTAMP, NULL),
(267, 117, CURRENT_DATE, 'pending', CURRENT_TIMESTAMP, CURRENT_TIMESTAMP, NULL),
(268, 118, CURRENT_DATE, 'pending', CURRENT_TIMESTAMP, CURRENT_TIMESTAMP, NULL),
(269, 119, CURRENT_DATE, 'pending', CURRENT_TIMESTAMP, CURRENT_TIMESTAMP, NULL),
(270, 120, CURRENT_DATE, 'completed', CURRENT_TIMESTAMP, CURRENT_TIMESTAMP, NULL),
(271, 121, CURRENT_DATE, 'pending', CURRENT_TIMESTAMP, CURRENT_TIMESTAMP, NULL),
(272, 122, CURRENT_DATE, 'completed', CURRENT_TIMESTAMP, CURRENT_TIMESTAMP, NULL),
(273, 123, CURRENT_DATE, 'pending', CURRENT_TIMESTAMP, CURRENT_TIMESTAMP, NULL),
(274, 124, CURRENT_DATE, 'completed', CURRENT_TIMESTAMP, CURRENT_TIMESTAMP, NULL),
(275, 125, CURRENT_DATE, 'completed', CURRENT_TIMESTAMP, CURRENT_TIMESTAMP, NULL),
(276, 92, CURRENT_DATE, 'pending', CURRENT_TIMESTAMP, CURRENT_TIMESTAMP, NULL),
(277, 23, CURRENT_DATE, 'pending', CURRENT_TIMESTAMP, CURRENT_TIMESTAMP, NULL),
(278, 9, CURRENT_DATE, 'completed', CURRENT_TIMESTAMP, CURRENT_TIMESTAMP, NULL),
(279, 101, CURRENT_DATE, 'pending', CURRENT_TIMESTAMP, CURRENT_TIMESTAMP, NULL),
(280, 101, CURRENT_DATE, 'completed', CURRENT_TIMESTAMP, CURRENT_TIMESTAMP, NULL),
(281, 60, CURRENT_DATE, 'completed', CURRENT_TIMESTAMP, CURRENT_TIMESTAMP, NULL),
(282, 5, CURRENT_DATE, 'completed', CURRENT_TIMESTAMP, CURRENT_TIMESTAMP, NULL),
(283, 80, CURRENT_DATE, 'completed', CURRENT_TIMESTAMP, CURRENT_TIMESTAMP, NULL),
(284, 93, CURRENT_DATE, 'completed', CURRENT_TIMESTAMP, CURRENT_TIMESTAMP, NULL),
(285, 83, CURRENT_DATE, 'completed', CURRENT_TIMESTAMP, CURRENT_TIMESTAMP, NULL),
(286, 30, CURRENT_DATE, 'pending', CURRENT_TIMESTAMP, CURRENT_TIMESTAMP, NULL),
(287, 55, CURRENT_DATE, 'pending', CURRENT_TIMESTAMP, CURRENT_TIMESTAMP, NULL),
(288, 32, CURRENT_DATE, 'pending', CURRENT_TIMESTAMP, CURRENT_TIMESTAMP, NULL),
(289, 84, CURRENT_DATE, 'completed', CURRENT_TIMESTAMP, CURRENT_TIMESTAMP, NULL),
(290, 124, CURRENT_DATE, 'completed', CURRENT_TIMESTAMP, CURRENT_TIMESTAMP, NULL),
(291, 31, CURRENT_DATE, 'completed', CURRENT_TIMESTAMP, CURRENT_TIMESTAMP, NULL),
(292, 87, CURRENT_DATE, 'completed', CURRENT_TIMESTAMP, CURRENT_TIMESTAMP, NULL),
(293, 89, CURRENT_DATE, 'pending', CURRENT_TIMESTAMP, CURRENT_TIMESTAMP, NULL),
(294, 68, CURRENT_DATE, 'completed', CURRENT_TIMESTAMP, CURRENT_TIMESTAMP, NULL),
(295, 96, CURRENT_DATE, 'completed', CURRENT_TIMESTAMP, CURRENT_TIMESTAMP, NULL),
(296, 68, CURRENT_DATE, 'completed', CURRENT_TIMESTAMP, CURRENT_TIMESTAMP, NULL),
(297, 13, CURRENT_DATE, 'completed', CURRENT_TIMESTAMP, CURRENT_TIMESTAMP, NULL),
(298, 34, CURRENT_DATE, 'completed', CURRENT_TIMESTAMP, CURRENT_TIMESTAMP, NULL),
(299, 79, CURRENT_DATE, 'pending', CURRENT_TIMESTAMP, CURRENT_TIMESTAMP, NULL),
(300, 58, CURRENT_DATE, 'completed', CURRENT_TIMESTAMP, CURRENT_TIMESTAMP, NULL),
(301, 54, CURRENT_DATE, 'completed', CURRENT_TIMESTAMP, CURRENT_TIMESTAMP, NULL),
(302, 89, CURRENT_DATE, 'completed', CURRENT_TIMESTAMP, CURRENT_TIMESTAMP, NULL),
(303, 66, CURRENT_DATE, 'completed', CURRENT_TIMESTAMP, CURRENT_TIMESTAMP, NULL),
(304, 47, CURRENT_DATE, 'completed', CURRENT_TIMESTAMP, CURRENT_TIMESTAMP, NULL),
(305, 120, CURRENT_DATE, 'pending', CURRENT_TIMESTAMP, CURRENT_TIMESTAMP, NULL),
(306, 50, CURRENT_DATE, 'completed', CURRENT_TIMESTAMP, CURRENT_TIMESTAMP, NULL),
(307, 31, CURRENT_DATE, 'completed', CURRENT_TIMESTAMP, CURRENT_TIMESTAMP, NULL),
(308, 25, CURRENT_DATE, 'pending', CURRENT_TIMESTAMP, CURRENT_TIMESTAMP, NULL),
(309, 123, CURRENT_DATE, 'completed', CURRENT_TIMESTAMP, CURRENT_TIMESTAMP, NULL),
(310, 75, CURRENT_DATE, 'completed', CURRENT_TIMESTAMP, CURRENT_TIMESTAMP, NULL);

-- Add order items for new orders
INSERT INTO jaffle_shop.order_items (order_item_id, order_id, product_id, quantity, unit_price, created_at, updated_at, deleted_at) VALUES
(351, 251, 5, 1, 199.99, CURRENT_TIMESTAMP, CURRENT_TIMESTAMP, NULL),
(352, 252, 6, 2, 149.99, CURRENT_TIMESTAMP, CURRENT_TIMESTAMP, NULL),
(353, 252, 8, 3, 49.99, CURRENT_TIMESTAMP, CURRENT_TIMESTAMP, NULL),
(354, 253, 7, 1, 89.99, CURRENT_TIMESTAMP, CURRENT_TIMESTAMP, NULL),
(355, 253, 10, 1, 24.99, CURRENT_TIMESTAMP, CURRENT_TIMESTAMP, NULL),
(356, 253, 8, 1, 49.99, CURRENT_TIMESTAMP, CURRENT_TIMESTAMP, NULL),
(357, 254, 6, 1, 149.99, CURRENT_TIMESTAMP, CURRENT_TIMESTAMP, NULL),
(358, 254, 9, 1, 399.99, CURRENT_TIMESTAMP, CURRENT_TIMESTAMP, NULL),
(359, 255, 7, 1, 89.99, CURRENT_TIMESTAMP, CURRENT_TIMESTAMP, NULL),
(360, 255, 3, 1, 79.99, CURRENT_TIMESTAMP, CURRENT_TIMESTAMP, NULL),
(361, 256, 6, 1, 149.99, CURRENT_TIMESTAMP, CURRENT_TIMESTAMP, NULL),
(362, 256, 7, 2, 89.99, CURRENT_TIMESTAMP, CURRENT_TIMESTAMP, NULL),
(363, 257, 3, 1, 79.99, CURRENT_TIMESTAMP, CURRENT_TIMESTAMP, NULL),
(364, 258, 7, 1, 89.99, CURRENT_TIMESTAMP, CURRENT_TIMESTAMP, NULL),
(365, 258, 6, 1, 149.99, CURRENT_TIMESTAMP, CURRENT_TIMESTAMP, NULL),
(366, 259, 2, 2, 29.99, CURRENT_TIMESTAMP, CURRENT_TIMESTAMP, NULL),
(367, 259, 7, 2, 89.99, CURRENT_TIMESTAMP, CURRENT_TIMESTAMP, NULL),
(368, 259, 1, 2, 999.99, CURRENT_TIMESTAMP, CURRENT_TIMESTAMP, NULL),
(369, 260, 3, 1, 79.99, CURRENT_TIMESTAMP, CURRENT_TIMESTAMP, NULL),
(370, 261, 8, 1, 49.99, CURRENT_TIMESTAMP, CURRENT_TIMESTAMP, NULL),
(371, 261, 9, 3, 399.99, CURRENT_TIMESTAMP, CURRENT_TIMESTAMP, NULL),
(372, 262, 5, 1, 199.99, CURRENT_TIMESTAMP, CURRENT_TIMESTAMP, NULL),
(373, 263, 10, 1, 24.99, CURRENT_TIMESTAMP, CURRENT_TIMESTAMP, NULL),
(374, 264, 2, 1, 29.99, CURRENT_TIMESTAMP, CURRENT_TIMESTAMP, NULL),
(375, 264, 1, 2, 999.99, CURRENT_TIMESTAMP, CURRENT_TIMESTAMP, NULL),
(376, 264, 4, 1, 299.99, CURRENT_TIMESTAMP, CURRENT_TIMESTAMP, NULL),
(377, 265, 8, 3, 49.99, CURRENT_TIMESTAMP, CURRENT_TIMESTAMP, NULL),
(378, 266, 7, 1, 89.99, CURRENT_TIMESTAMP, CURRENT_TIMESTAMP, NULL),
(379, 266, 9, 1, 399.99, CURRENT_TIMESTAMP, CURRENT_TIMESTAMP, NULL),
(380, 266, 4, 1, 299.99, CURRENT_TIMESTAMP, CURRENT_TIMESTAMP, NULL),
(381, 267, 9, 3, 399.99, CURRENT_TIMESTAMP, CURRENT_TIMESTAMP, NULL),
(382, 267, 7, 1, 89.99, CURRENT_TIMESTAMP, CURRENT_TIMESTAMP, NULL),
(383, 267, 3, 1, 79.99, CURRENT_TIMESTAMP, CURRENT_TIMESTAMP, NULL),
(384, 268, 1, 1, 999.99, CURRENT_TIMESTAMP, CURRENT_TIMESTAMP, NULL),
(385, 268, 4, 2, 299.99, CURRENT_TIMESTAMP, CURRENT_TIMESTAMP, NULL),
(386, 269, 1, 1, 999.99, CURRENT_TIMESTAMP, CURRENT_TIMESTAMP, NULL),
(387, 270, 1, 2, 999.99, CURRENT_TIMESTAMP, CURRENT_TIMESTAMP, NULL),
(388, 271, 10, 2, 24.99, CURRENT_TIMESTAMP, CURRENT_TIMESTAMP, NULL),
(389, 272, 9, 1, 399.99, CURRENT_TIMESTAMP, CURRENT_TIMESTAMP, NULL),
(390, 273, 2, 3, 29.99, CURRENT_TIMESTAMP, CURRENT_TIMESTAMP, NULL),
(391, 274, 9, 1, 399.99, CURRENT_TIMESTAMP, CURRENT_TIMESTAMP, NULL),
(392, 275, 9, 3, 399.99, CURRENT_TIMESTAMP, CURRENT_TIMESTAMP, NULL),
(393, 276, 3, 1, 79.99, CURRENT_TIMESTAMP, CURRENT_TIMESTAMP, NULL),
(394, 276, 4, 1, 299.99, CURRENT_TIMESTAMP, CURRENT_TIMESTAMP, NULL),
(395, 277, 3, 1, 79.99, CURRENT_TIMESTAMP, CURRENT_TIMESTAMP, NULL),
(396, 278, 6, 3, 149.99, CURRENT_TIMESTAMP, CURRENT_TIMESTAMP, NULL),
(397, 279, 1, 1, 999.99, CURRENT_TIMESTAMP, CURRENT_TIMESTAMP, NULL),
(398, 279, 10, 3, 24.99, CURRENT_TIMESTAMP, CURRENT_TIMESTAMP, NULL),
(399, 280, 7, 1, 89.99, CURRENT_TIMESTAMP, CURRENT_TIMESTAMP, NULL),
(400, 281, 1, 1, 999.99, CURRENT_TIMESTAMP, CURRENT_TIMESTAMP, NULL),
(401, 282, 1, 1, 999.99, CURRENT_TIMESTAMP, CURRENT_TIMESTAMP, NULL),
(402, 283, 5, 1, 199.99, CURRENT_TIMESTAMP, CURRENT_TIMESTAMP, NULL),
(403, 283, 2, 1, 29.99, CURRENT_TIMESTAMP, CURRENT_TIMESTAMP, NULL),
(404, 284, 3, 2, 79.99, CURRENT_TIMESTAMP, CURRENT_TIMESTAMP, NULL),
(405, 284, 6, 3, 149.99, CURRENT_TIMESTAMP, CURRENT_TIMESTAMP, NULL),
(406, 285, 6, 1, 149.99, CURRENT_TIMESTAMP, CURRENT_TIMESTAMP, NULL),
(407, 285, 8, 1, 49.99, CURRENT_TIMESTAMP, CURRENT_TIMESTAMP, NULL),
(408, 286, 4, 3, 299.99, CURRENT_TIMESTAMP, CURRENT_TIMESTAMP, NULL),
(409, 286, 1, 1, 999.99, CURRENT_TIMESTAMP, CURRENT_TIMESTAMP, NULL),
(410, 286, 2, 1, 29.99, CURRENT_TIMESTAMP, CURRENT_TIMESTAMP, NULL),
(411, 287, 2, 3, 29.99, CURRENT_TIMESTAMP, CURRENT_TIMESTAMP, NULL),
(412, 288, 5, 2, 199.99, CURRENT_TIMESTAMP, CURRENT_TIMESTAMP, NULL),
(413, 288, 5, 1, 199.99, CURRENT_TIMESTAMP, CURRENT_TIMESTAMP, NULL),
(414, 289, 8, 1, 49.99, CURRENT_TIMESTAMP, CURRENT_TIMESTAMP, NULL),
(415, 290, 7, 2, 89.99, CURRENT_TIMESTAMP, CURRENT_TIMESTAMP, NULL),
(416, 290, 3, 1, 79.99, CURRENT_TIMESTAMP, CURRENT_TIMESTAMP, NULL),
(417, 291, 4, 2, 299.99, CURRENT_TIMESTAMP, CURRENT_TIMESTAMP, NULL),
(418, 291, 9, 1, 399.99, CURRENT_TIMESTAMP, CURRENT_TIMESTAMP, NULL),
(419, 292, 3, 2, 79.99, CURRENT_TIMESTAMP, CURRENT_TIMESTAMP, NULL),
(420, 292, 5, 1, 199.99, CURRENT_TIMESTAMP, CURRENT_TIMESTAMP, NULL),
(421, 293, 2, 3, 29.99, CURRENT_TIMESTAMP, CURRENT_TIMESTAMP, NULL),
(422, 294, 2, 1, 29.99, CURRENT_TIMESTAMP, CURRENT_TIMESTAMP, NULL),
(423, 294, 6, 1, 149.99, CURRENT_TIMESTAMP, CURRENT_TIMESTAMP, NULL),
(424, 294, 2, 1, 29.99, CURRENT_TIMESTAMP, CURRENT_TIMESTAMP, NULL),
(425, 295, 9, 1, 399.99, CURRENT_TIMESTAMP, CURRENT_TIMESTAMP, NULL),
(426, 296, 3, 1, 79.99, CURRENT_TIMESTAMP, CURRENT_TIMESTAMP, NULL),
(427, 297, 6, 1, 149.99, CURRENT_TIMESTAMP, CURRENT_TIMESTAMP, NULL),
(428, 297, 2, 1, 29.99, CURRENT_TIMESTAMP, CURRENT_TIMESTAMP, NULL),
(429, 298, 3, 1, 79.99, CURRENT_TIMESTAMP, CURRENT_TIMESTAMP, NULL),
(430, 299, 2, 2, 29.99, CURRENT_TIMESTAMP, CURRENT_TIMESTAMP, NULL),
(431, 299, 2, 1, 29.99, CURRENT_TIMESTAMP, CURRENT_TIMESTAMP, NULL),
(432, 299, 7, 1, 89.99, CURRENT_TIMESTAMP, CURRENT_TIMESTAMP, NULL),
(433, 300, 4, 1, 299.99, CURRENT_TIMESTAMP, CURRENT_TIMESTAMP, NULL),
(434, 300, 6, 1, 149.99, CURRENT_TIMESTAMP, CURRENT_TIMESTAMP, NULL),
(435, 301, 2, 1, 29.99, CURRENT_TIMESTAMP, CURRENT_TIMESTAMP, NULL),
(436, 301, 2, 1, 29.99, CURRENT_TIMESTAMP, CURRENT_TIMESTAMP, NULL),
(437, 302, 4, 1, 299.99, CURRENT_TIMESTAMP, CURRENT_TIMESTAMP, NULL),
(438, 303, 8, 1, 49.99, CURRENT_TIMESTAMP, CURRENT_TIMESTAMP, NULL),
(439, 303, 7, 1, 89.99, CURRENT_TIMESTAMP, CURRENT_TIMESTAMP, NULL),
(440, 304, 5, 1, 199.99, CURRENT_TIMESTAMP, CURRENT_TIMESTAMP, NULL),
(441, 304, 8, 1, 49.99, CURRENT_TIMESTAMP, CURRENT_TIMESTAMP, NULL),
(442, 304, 3, 1, 79.99, CURRENT_TIMESTAMP, CURRENT_TIMESTAMP, NULL),
(443, 305, 7, 3, 89.99, CURRENT_TIMESTAMP, CURRENT_TIMESTAMP, NULL),
(444, 306, 10, 1, 24.99, CURRENT_TIMESTAMP, CURRENT_TIMESTAMP, NULL),
(445, 307, 6, 1, 149.99, CURRENT_TIMESTAMP, CURRENT_TIMESTAMP, NULL),
(446, 308, 10, 2, 24.99, CURRENT_TIMESTAMP, CURRENT_TIMESTAMP, NULL),
(447, 308, 3, 3, 79.99, CURRENT_TIMESTAMP, CURRENT_TIMESTAMP, NULL),
(448, 308, 3, 1, 79.99, CURRENT_TIMESTAMP, CURRENT_TIMESTAMP, NULL),
(449, 309, 7, 1, 89.99, CURRENT_TIMESTAMP, CURRENT_TIMESTAMP, NULL),
(450, 309, 8, 1, 49.99, CURRENT_TIMESTAMP, CURRENT_TIMESTAMP, NULL),
(451, 309, 9, 2, 399.99, CURRENT_TIMESTAMP, CURRENT_TIMESTAMP, NULL),
(452, 310, 3, 3, 79.99, CURRENT_TIMESTAMP, CURRENT_TIMESTAMP, NULL),
(453, 310, 1, 1, 999.99, CURRENT_TIMESTAMP, CURRENT_TIMESTAMP, NULL);

-- Add payments for completed orders
INSERT INTO jaffle_shop.payments (payment_id, order_id, payment_method, amount, created_at, updated_at, deleted_at) VALUES
(221, 252, 'credit_card', 360.19, CURRENT_TIMESTAMP, CURRENT_TIMESTAMP, NULL),
(222, 252, 'credit_card', 974.54, CURRENT_TIMESTAMP, CURRENT_TIMESTAMP, NULL),
(223, 253, 'credit_card', 1457.35, CURRENT_TIMESTAMP, CURRENT_TIMESTAMP, NULL),
(224, 253, 'bank_transfer', 755.77, CURRENT_TIMESTAMP, CURRENT_TIMESTAMP, NULL),
(225, 254, 'credit_card', 1030.57, CURRENT_TIMESTAMP, CURRENT_TIMESTAMP, NULL),
(226, 255, 'coupon', 306.46, CURRENT_TIMESTAMP, CURRENT_TIMESTAMP, NULL),
(227, 256, 'coupon', 235.05, CURRENT_TIMESTAMP, CURRENT_TIMESTAMP, NULL),
(228, 257, 'credit_card', 59.86, CURRENT_TIMESTAMP, CURRENT_TIMESTAMP, NULL),
(229, 258, 'credit_card', 324.58, CURRENT_TIMESTAMP, CURRENT_TIMESTAMP, NULL),
(230, 259, 'coupon', 1305.64, CURRENT_TIMESTAMP, CURRENT_TIMESTAMP, NULL),
(231, 259, 'coupon', 1008.59, CURRENT_TIMESTAMP, CURRENT_TIMESTAMP, NULL),
(232, 260, 'credit_card', 1262.17, CURRENT_TIMESTAMP, CURRENT_TIMESTAMP, NULL),
(233, 261, 'credit_card', 258.79, CURRENT_TIMESTAMP, CURRENT_TIMESTAMP, NULL),
(234, 262, 'credit_card', 625.97, CURRENT_TIMESTAMP, CURRENT_TIMESTAMP, NULL),
(235, 263, 'coupon', 348.14, CURRENT_TIMESTAMP, CURRENT_TIMESTAMP, NULL),
(236, 264, 'bank_transfer', 958.84, CURRENT_TIMESTAMP, CURRENT_TIMESTAMP, NULL),
(237, 265, 'credit_card', 480.57, CURRENT_TIMESTAMP, CURRENT_TIMESTAMP, NULL),
(238, 270, 'credit_card', 1408.06, CURRENT_TIMESTAMP, CURRENT_TIMESTAMP, NULL),
(239, 270, 'bank_transfer', 671.72, CURRENT_TIMESTAMP, CURRENT_TIMESTAMP, NULL),
(240, 272, 'credit_card', 399.69, CURRENT_TIMESTAMP, CURRENT_TIMESTAMP, NULL),
(241, 274, 'bank_transfer', 1044.77, CURRENT_TIMESTAMP, CURRENT_TIMESTAMP, NULL),
(242, 274, 'coupon', 1377.38, CURRENT_TIMESTAMP, CURRENT_TIMESTAMP, NULL),
(243, 275, 'coupon', 1051.67, CURRENT_TIMESTAMP, CURRENT_TIMESTAMP, NULL),
(244, 278, 'credit_card', 125.29, CURRENT_TIMESTAMP, CURRENT_TIMESTAMP, NULL),
(245, 280, 'gift_card', 199.12, CURRENT_TIMESTAMP, CURRENT_TIMESTAMP, NULL),
(246, 281, 'credit_card', 1393.31, CURRENT_TIMESTAMP, CURRENT_TIMESTAMP, NULL),
(247, 282, 'bank_transfer', 951.09, CURRENT_TIMESTAMP, CURRENT_TIMESTAMP, NULL),
(248, 283, 'bank_transfer', 1257.13, CURRENT_TIMESTAMP, CURRENT_TIMESTAMP, NULL),
(249, 284, 'credit_card', 837.23, CURRENT_TIMESTAMP, CURRENT_TIMESTAMP, NULL),
(250, 285, 'credit_card', 397.96, CURRENT_TIMESTAMP, CURRENT_TIMESTAMP, NULL),
(251, 289, 'credit_card', 620.1, CURRENT_TIMESTAMP, CURRENT_TIMESTAMP, NULL),
(252, 290, 'credit_card', 198.99, CURRENT_TIMESTAMP, CURRENT_TIMESTAMP, NULL),
(253, 291, 'bank_transfer', 849.29, CURRENT_TIMESTAMP, CURRENT_TIMESTAMP, NULL),
(254, 292, 'credit_card', 1330.3, CURRENT_TIMESTAMP, CURRENT_TIMESTAMP, NULL),
(255, 292, 'credit_card', 416.13, CURRENT_TIMESTAMP, CURRENT_TIMESTAMP, NULL),
(256, 294, 'credit_card', 519.89, CURRENT_TIMESTAMP, CURRENT_TIMESTAMP, NULL),
(257, 295, 'coupon', 1117.9, CURRENT_TIMESTAMP, CURRENT_TIMESTAMP, NULL),
(258, 296, 'bank_transfer', 673.83, CURRENT_TIMESTAMP, CURRENT_TIMESTAMP, NULL),
(259, 297, 'credit_card', 157.38, CURRENT_TIMESTAMP, CURRENT_TIMESTAMP, NULL),
(260, 298, 'credit_card', 257.33, CURRENT_TIMESTAMP, CURRENT_TIMESTAMP, NULL),
(261, 300, 'credit_card', 981.92, CURRENT_TIMESTAMP, CURRENT_TIMESTAMP, NULL),
(262, 300, 'coupon', 1176.99, CURRENT_TIMESTAMP, CURRENT_TIMESTAMP, NULL),
(263, 301, 'credit_card', 59.42, CURRENT_TIMESTAMP, CURRENT_TIMESTAMP, NULL),
(264, 302, 'bank_transfer', 951.24, CURRENT_TIMESTAMP, CURRENT_TIMESTAMP, NULL),
(265, 303, 'credit_card', 1337.6, CURRENT_TIMESTAMP, CURRENT_TIMESTAMP, NULL),
(266, 303, 'credit_card', 472.97, CURRENT_TIMESTAMP, CURRENT_TIMESTAMP, NULL),
(267, 304, 'coupon', 360.46, CURRENT_TIMESTAMP, CURRENT_TIMESTAMP, NULL),
(268, 306, 'credit_card', 996.12, CURRENT_TIMESTAMP, CURRENT_TIMESTAMP, NULL),
(269, 306, 'credit_card', 398.89, CURRENT_TIMESTAMP, CURRENT_TIMESTAMP, NULL),
(270, 307, 'bank_transfer', 1354.19, CURRENT_TIMESTAMP, CURRENT_TIMESTAMP, NULL),
(271, 309, 'bank_transfer', 297.77, CURRENT_TIMESTAMP, CURRENT_TIMESTAMP, NULL),
(272, 310, 'coupon', 1266.84, CURRENT_TIMESTAMP, CURRENT_TIMESTAMP, NULL);

-- Complete 15 pending orders from previous days
UPDATE jaffle_shop.orders
SET status = 'completed',
    updated_at = CURRENT_TIMESTAMP
WHERE order_id IN (192, 230, 219, 224, 185, 234, 202, 244, 177, 159, 243, 198, 169, 163, 212);
