-- ============================================================================
-- crm schema baseline seed data for Databricks
-- ============================================================================

-- Seed campaigns (5 active campaigns)
INSERT INTO origin_simulator_jaffle_corp.crm.campaigns (campaign_id, campaign_name, start_date, end_date, budget, created_at, updated_at, deleted_at) VALUES
(1, 'Spring Sale 2024', CURRENT_DATE - 30, CURRENT_DATE - 0, 5000.0, CURRENT_TIMESTAMP - INTERVAL '30 days', CURRENT_TIMESTAMP - INTERVAL '30 days', NULL),
(2, 'Summer Clearance', CURRENT_DATE - 25, CURRENT_DATE - -5, 7500.0, CURRENT_TIMESTAMP - INTERVAL '25 days', CURRENT_TIMESTAMP - INTERVAL '25 days', NULL),
(3, 'Back to School', CURRENT_DATE - 20, CURRENT_DATE - -5, 3000.0, CURRENT_TIMESTAMP - INTERVAL '20 days', CURRENT_TIMESTAMP - INTERVAL '20 days', NULL),
(4, 'Fall Promotion', CURRENT_DATE - 15, CURRENT_DATE - -5, 6000.0, CURRENT_TIMESTAMP - INTERVAL '15 days', CURRENT_TIMESTAMP - INTERVAL '15 days', NULL),
(5, 'Holiday Special', CURRENT_DATE - 10, CURRENT_DATE - -5, 10000.0, CURRENT_TIMESTAMP - INTERVAL '10 days', CURRENT_TIMESTAMP - INTERVAL '10 days', NULL);

-- Seed email activity (100 email interactions)
INSERT INTO origin_simulator_jaffle_corp.crm.email_activity (activity_id, customer_id, campaign_id, sent_date, opened, clicked, created_at, updated_at, deleted_at) VALUES
(1, 1, 1, CURRENT_TIMESTAMP - INTERVAL '1 days', FALSE, FALSE, CURRENT_TIMESTAMP - INTERVAL '1 days', CURRENT_TIMESTAMP - INTERVAL '1 days', NULL),
(2, 2, 2, CURRENT_TIMESTAMP - INTERVAL '8 days', TRUE, TRUE, CURRENT_TIMESTAMP - INTERVAL '8 days', CURRENT_TIMESTAMP - INTERVAL '8 days', NULL),
(3, 3, 5, CURRENT_TIMESTAMP - INTERVAL '3 days', TRUE, TRUE, CURRENT_TIMESTAMP - INTERVAL '3 days', CURRENT_TIMESTAMP - INTERVAL '3 days', NULL),
(4, 4, 1, CURRENT_TIMESTAMP - INTERVAL '7 days', TRUE, FALSE, CURRENT_TIMESTAMP - INTERVAL '7 days', CURRENT_TIMESTAMP - INTERVAL '7 days', NULL),
(5, 5, 5, CURRENT_TIMESTAMP - INTERVAL '7 days', FALSE, FALSE, CURRENT_TIMESTAMP - INTERVAL '7 days', CURRENT_TIMESTAMP - INTERVAL '7 days', NULL),
(6, 6, 5, CURRENT_TIMESTAMP - INTERVAL '14 days', TRUE, FALSE, CURRENT_TIMESTAMP - INTERVAL '14 days', CURRENT_TIMESTAMP - INTERVAL '14 days', NULL),
(7, 7, 1, CURRENT_TIMESTAMP - INTERVAL '25 days', FALSE, FALSE, CURRENT_TIMESTAMP - INTERVAL '25 days', CURRENT_TIMESTAMP - INTERVAL '25 days', NULL),
(8, 8, 4, CURRENT_TIMESTAMP - INTERVAL '11 days', TRUE, TRUE, CURRENT_TIMESTAMP - INTERVAL '11 days', CURRENT_TIMESTAMP - INTERVAL '11 days', NULL),
(9, 9, 3, CURRENT_TIMESTAMP - INTERVAL '4 days', TRUE, TRUE, CURRENT_TIMESTAMP - INTERVAL '4 days', CURRENT_TIMESTAMP - INTERVAL '4 days', NULL),
(10, 10, 3, CURRENT_TIMESTAMP - INTERVAL '20 days', TRUE, TRUE, CURRENT_TIMESTAMP - INTERVAL '20 days', CURRENT_TIMESTAMP - INTERVAL '20 days', NULL),
(11, 11, 4, CURRENT_TIMESTAMP - INTERVAL '18 days', TRUE, FALSE, CURRENT_TIMESTAMP - INTERVAL '18 days', CURRENT_TIMESTAMP - INTERVAL '18 days', NULL),
(12, 12, 1, CURRENT_TIMESTAMP - INTERVAL '18 days', TRUE, FALSE, CURRENT_TIMESTAMP - INTERVAL '18 days', CURRENT_TIMESTAMP - INTERVAL '18 days', NULL),
(13, 13, 3, CURRENT_TIMESTAMP - INTERVAL '19 days', TRUE, TRUE, CURRENT_TIMESTAMP - INTERVAL '19 days', CURRENT_TIMESTAMP - INTERVAL '19 days', NULL),
(14, 14, 2, CURRENT_TIMESTAMP - INTERVAL '25 days', TRUE, TRUE, CURRENT_TIMESTAMP - INTERVAL '25 days', CURRENT_TIMESTAMP - INTERVAL '25 days', NULL),
(15, 15, 2, CURRENT_TIMESTAMP - INTERVAL '28 days', TRUE, TRUE, CURRENT_TIMESTAMP - INTERVAL '28 days', CURRENT_TIMESTAMP - INTERVAL '28 days', NULL),
(16, 16, 3, CURRENT_TIMESTAMP - INTERVAL '6 days', TRUE, TRUE, CURRENT_TIMESTAMP - INTERVAL '6 days', CURRENT_TIMESTAMP - INTERVAL '6 days', NULL),
(17, 17, 3, CURRENT_TIMESTAMP - INTERVAL '23 days', FALSE, FALSE, CURRENT_TIMESTAMP - INTERVAL '23 days', CURRENT_TIMESTAMP - INTERVAL '23 days', NULL),
(18, 18, 1, CURRENT_TIMESTAMP - INTERVAL '20 days', FALSE, FALSE, CURRENT_TIMESTAMP - INTERVAL '20 days', CURRENT_TIMESTAMP - INTERVAL '20 days', NULL),
(19, 19, 5, CURRENT_TIMESTAMP - INTERVAL '24 days', TRUE, FALSE, CURRENT_TIMESTAMP - INTERVAL '24 days', CURRENT_TIMESTAMP - INTERVAL '24 days', NULL),
(20, 20, 3, CURRENT_TIMESTAMP - INTERVAL '30 days', FALSE, FALSE, CURRENT_TIMESTAMP - INTERVAL '30 days', CURRENT_TIMESTAMP - INTERVAL '30 days', NULL),
(21, 21, 5, CURRENT_TIMESTAMP - INTERVAL '8 days', FALSE, FALSE, CURRENT_TIMESTAMP - INTERVAL '8 days', CURRENT_TIMESTAMP - INTERVAL '8 days', NULL),
(22, 22, 1, CURRENT_TIMESTAMP - INTERVAL '8 days', FALSE, FALSE, CURRENT_TIMESTAMP - INTERVAL '8 days', CURRENT_TIMESTAMP - INTERVAL '8 days', NULL),
(23, 23, 3, CURRENT_TIMESTAMP - INTERVAL '13 days', TRUE, TRUE, CURRENT_TIMESTAMP - INTERVAL '13 days', CURRENT_TIMESTAMP - INTERVAL '13 days', NULL),
(24, 24, 5, CURRENT_TIMESTAMP - INTERVAL '29 days', FALSE, FALSE, CURRENT_TIMESTAMP - INTERVAL '29 days', CURRENT_TIMESTAMP - INTERVAL '29 days', NULL),
(25, 25, 2, CURRENT_TIMESTAMP - INTERVAL '21 days', TRUE, FALSE, CURRENT_TIMESTAMP - INTERVAL '21 days', CURRENT_TIMESTAMP - INTERVAL '21 days', NULL),
(26, 26, 4, CURRENT_TIMESTAMP - INTERVAL '5 days', TRUE, TRUE, CURRENT_TIMESTAMP - INTERVAL '5 days', CURRENT_TIMESTAMP - INTERVAL '5 days', NULL),
(27, 27, 5, CURRENT_TIMESTAMP - INTERVAL '18 days', TRUE, FALSE, CURRENT_TIMESTAMP - INTERVAL '18 days', CURRENT_TIMESTAMP - INTERVAL '18 days', NULL),
(28, 28, 5, CURRENT_TIMESTAMP - INTERVAL '13 days', TRUE, FALSE, CURRENT_TIMESTAMP - INTERVAL '13 days', CURRENT_TIMESTAMP - INTERVAL '13 days', NULL),
(29, 29, 2, CURRENT_TIMESTAMP - INTERVAL '17 days', TRUE, FALSE, CURRENT_TIMESTAMP - INTERVAL '17 days', CURRENT_TIMESTAMP - INTERVAL '17 days', NULL),
(30, 30, 1, CURRENT_TIMESTAMP - INTERVAL '5 days', FALSE, FALSE, CURRENT_TIMESTAMP - INTERVAL '5 days', CURRENT_TIMESTAMP - INTERVAL '5 days', NULL),
(31, 31, 4, CURRENT_TIMESTAMP - INTERVAL '20 days', TRUE, FALSE, CURRENT_TIMESTAMP - INTERVAL '20 days', CURRENT_TIMESTAMP - INTERVAL '20 days', NULL),
(32, 32, 4, CURRENT_TIMESTAMP - INTERVAL '17 days', TRUE, FALSE, CURRENT_TIMESTAMP - INTERVAL '17 days', CURRENT_TIMESTAMP - INTERVAL '17 days', NULL),
(33, 33, 1, CURRENT_TIMESTAMP - INTERVAL '22 days', FALSE, FALSE, CURRENT_TIMESTAMP - INTERVAL '22 days', CURRENT_TIMESTAMP - INTERVAL '22 days', NULL),
(34, 34, 5, CURRENT_TIMESTAMP - INTERVAL '25 days', TRUE, FALSE, CURRENT_TIMESTAMP - INTERVAL '25 days', CURRENT_TIMESTAMP - INTERVAL '25 days', NULL),
(35, 35, 1, CURRENT_TIMESTAMP - INTERVAL '10 days', TRUE, FALSE, CURRENT_TIMESTAMP - INTERVAL '10 days', CURRENT_TIMESTAMP - INTERVAL '10 days', NULL),
(36, 36, 3, CURRENT_TIMESTAMP - INTERVAL '17 days', FALSE, FALSE, CURRENT_TIMESTAMP - INTERVAL '17 days', CURRENT_TIMESTAMP - INTERVAL '17 days', NULL),
(37, 37, 5, CURRENT_TIMESTAMP - INTERVAL '30 days', TRUE, FALSE, CURRENT_TIMESTAMP - INTERVAL '30 days', CURRENT_TIMESTAMP - INTERVAL '30 days', NULL),
(38, 38, 5, CURRENT_TIMESTAMP - INTERVAL '20 days', TRUE, FALSE, CURRENT_TIMESTAMP - INTERVAL '20 days', CURRENT_TIMESTAMP - INTERVAL '20 days', NULL),
(39, 39, 2, CURRENT_TIMESTAMP - INTERVAL '18 days', FALSE, FALSE, CURRENT_TIMESTAMP - INTERVAL '18 days', CURRENT_TIMESTAMP - INTERVAL '18 days', NULL),
(40, 40, 5, CURRENT_TIMESTAMP - INTERVAL '30 days', TRUE, FALSE, CURRENT_TIMESTAMP - INTERVAL '30 days', CURRENT_TIMESTAMP - INTERVAL '30 days', NULL),
(41, 41, 1, CURRENT_TIMESTAMP - INTERVAL '4 days', FALSE, FALSE, CURRENT_TIMESTAMP - INTERVAL '4 days', CURRENT_TIMESTAMP - INTERVAL '4 days', NULL),
(42, 42, 3, CURRENT_TIMESTAMP - INTERVAL '8 days', TRUE, FALSE, CURRENT_TIMESTAMP - INTERVAL '8 days', CURRENT_TIMESTAMP - INTERVAL '8 days', NULL),
(43, 43, 1, CURRENT_TIMESTAMP - INTERVAL '3 days', FALSE, FALSE, CURRENT_TIMESTAMP - INTERVAL '3 days', CURRENT_TIMESTAMP - INTERVAL '3 days', NULL),
(44, 44, 1, CURRENT_TIMESTAMP - INTERVAL '25 days', TRUE, TRUE, CURRENT_TIMESTAMP - INTERVAL '25 days', CURRENT_TIMESTAMP - INTERVAL '25 days', NULL),
(45, 45, 4, CURRENT_TIMESTAMP - INTERVAL '18 days', TRUE, FALSE, CURRENT_TIMESTAMP - INTERVAL '18 days', CURRENT_TIMESTAMP - INTERVAL '18 days', NULL),
(46, 46, 5, CURRENT_TIMESTAMP - INTERVAL '14 days', FALSE, FALSE, CURRENT_TIMESTAMP - INTERVAL '14 days', CURRENT_TIMESTAMP - INTERVAL '14 days', NULL),
(47, 47, 5, CURRENT_TIMESTAMP - INTERVAL '25 days', FALSE, FALSE, CURRENT_TIMESTAMP - INTERVAL '25 days', CURRENT_TIMESTAMP - INTERVAL '25 days', NULL),
(48, 48, 2, CURRENT_TIMESTAMP - INTERVAL '23 days', TRUE, FALSE, CURRENT_TIMESTAMP - INTERVAL '23 days', CURRENT_TIMESTAMP - INTERVAL '23 days', NULL),
(49, 49, 3, CURRENT_TIMESTAMP - INTERVAL '15 days', FALSE, FALSE, CURRENT_TIMESTAMP - INTERVAL '15 days', CURRENT_TIMESTAMP - INTERVAL '15 days', NULL),
(50, 50, 4, CURRENT_TIMESTAMP - INTERVAL '4 days', TRUE, TRUE, CURRENT_TIMESTAMP - INTERVAL '4 days', CURRENT_TIMESTAMP - INTERVAL '4 days', NULL),
(51, 51, 1, CURRENT_TIMESTAMP - INTERVAL '19 days', TRUE, FALSE, CURRENT_TIMESTAMP - INTERVAL '19 days', CURRENT_TIMESTAMP - INTERVAL '19 days', NULL),
(52, 52, 1, CURRENT_TIMESTAMP - INTERVAL '3 days', FALSE, FALSE, CURRENT_TIMESTAMP - INTERVAL '3 days', CURRENT_TIMESTAMP - INTERVAL '3 days', NULL),
(53, 53, 1, CURRENT_TIMESTAMP - INTERVAL '8 days', TRUE, TRUE, CURRENT_TIMESTAMP - INTERVAL '8 days', CURRENT_TIMESTAMP - INTERVAL '8 days', NULL),
(54, 54, 3, CURRENT_TIMESTAMP - INTERVAL '3 days', TRUE, TRUE, CURRENT_TIMESTAMP - INTERVAL '3 days', CURRENT_TIMESTAMP - INTERVAL '3 days', NULL),
(55, 55, 4, CURRENT_TIMESTAMP - INTERVAL '7 days', TRUE, FALSE, CURRENT_TIMESTAMP - INTERVAL '7 days', CURRENT_TIMESTAMP - INTERVAL '7 days', NULL),
(56, 56, 5, CURRENT_TIMESTAMP - INTERVAL '19 days', TRUE, FALSE, CURRENT_TIMESTAMP - INTERVAL '19 days', CURRENT_TIMESTAMP - INTERVAL '19 days', NULL),
(57, 57, 4, CURRENT_TIMESTAMP - INTERVAL '7 days', TRUE, FALSE, CURRENT_TIMESTAMP - INTERVAL '7 days', CURRENT_TIMESTAMP - INTERVAL '7 days', NULL),
(58, 58, 3, CURRENT_TIMESTAMP - INTERVAL '14 days', TRUE, FALSE, CURRENT_TIMESTAMP - INTERVAL '14 days', CURRENT_TIMESTAMP - INTERVAL '14 days', NULL),
(59, 59, 1, CURRENT_TIMESTAMP - INTERVAL '22 days', FALSE, FALSE, CURRENT_TIMESTAMP - INTERVAL '22 days', CURRENT_TIMESTAMP - INTERVAL '22 days', NULL),
(60, 60, 1, CURRENT_TIMESTAMP - INTERVAL '2 days', TRUE, FALSE, CURRENT_TIMESTAMP - INTERVAL '2 days', CURRENT_TIMESTAMP - INTERVAL '2 days', NULL),
(61, 61, 1, CURRENT_TIMESTAMP - INTERVAL '8 days', TRUE, FALSE, CURRENT_TIMESTAMP - INTERVAL '8 days', CURRENT_TIMESTAMP - INTERVAL '8 days', NULL),
(62, 62, 2, CURRENT_TIMESTAMP - INTERVAL '14 days', TRUE, FALSE, CURRENT_TIMESTAMP - INTERVAL '14 days', CURRENT_TIMESTAMP - INTERVAL '14 days', NULL),
(63, 63, 1, CURRENT_TIMESTAMP - INTERVAL '15 days', FALSE, FALSE, CURRENT_TIMESTAMP - INTERVAL '15 days', CURRENT_TIMESTAMP - INTERVAL '15 days', NULL),
(64, 64, 5, CURRENT_TIMESTAMP - INTERVAL '4 days', TRUE, FALSE, CURRENT_TIMESTAMP - INTERVAL '4 days', CURRENT_TIMESTAMP - INTERVAL '4 days', NULL),
(65, 65, 1, CURRENT_TIMESTAMP - INTERVAL '3 days', FALSE, FALSE, CURRENT_TIMESTAMP - INTERVAL '3 days', CURRENT_TIMESTAMP - INTERVAL '3 days', NULL),
(66, 66, 2, CURRENT_TIMESTAMP - INTERVAL '6 days', TRUE, FALSE, CURRENT_TIMESTAMP - INTERVAL '6 days', CURRENT_TIMESTAMP - INTERVAL '6 days', NULL),
(67, 67, 4, CURRENT_TIMESTAMP - INTERVAL '29 days', TRUE, FALSE, CURRENT_TIMESTAMP - INTERVAL '29 days', CURRENT_TIMESTAMP - INTERVAL '29 days', NULL),
(68, 68, 4, CURRENT_TIMESTAMP - INTERVAL '9 days', FALSE, FALSE, CURRENT_TIMESTAMP - INTERVAL '9 days', CURRENT_TIMESTAMP - INTERVAL '9 days', NULL),
(69, 69, 4, CURRENT_TIMESTAMP - INTERVAL '10 days', TRUE, FALSE, CURRENT_TIMESTAMP - INTERVAL '10 days', CURRENT_TIMESTAMP - INTERVAL '10 days', NULL),
(70, 70, 5, CURRENT_TIMESTAMP - INTERVAL '22 days', FALSE, FALSE, CURRENT_TIMESTAMP - INTERVAL '22 days', CURRENT_TIMESTAMP - INTERVAL '22 days', NULL),
(71, 71, 2, CURRENT_TIMESTAMP - INTERVAL '7 days', TRUE, FALSE, CURRENT_TIMESTAMP - INTERVAL '7 days', CURRENT_TIMESTAMP - INTERVAL '7 days', NULL),
(72, 72, 5, CURRENT_TIMESTAMP - INTERVAL '24 days', TRUE, FALSE, CURRENT_TIMESTAMP - INTERVAL '24 days', CURRENT_TIMESTAMP - INTERVAL '24 days', NULL),
(73, 73, 1, CURRENT_TIMESTAMP - INTERVAL '2 days', TRUE, FALSE, CURRENT_TIMESTAMP - INTERVAL '2 days', CURRENT_TIMESTAMP - INTERVAL '2 days', NULL),
(74, 74, 5, CURRENT_TIMESTAMP - INTERVAL '6 days', TRUE, FALSE, CURRENT_TIMESTAMP - INTERVAL '6 days', CURRENT_TIMESTAMP - INTERVAL '6 days', NULL),
(75, 75, 2, CURRENT_TIMESTAMP - INTERVAL '3 days', TRUE, FALSE, CURRENT_TIMESTAMP - INTERVAL '3 days', CURRENT_TIMESTAMP - INTERVAL '3 days', NULL),
(76, 76, 2, CURRENT_TIMESTAMP - INTERVAL '13 days', TRUE, FALSE, CURRENT_TIMESTAMP - INTERVAL '13 days', CURRENT_TIMESTAMP - INTERVAL '13 days', NULL),
(77, 77, 2, CURRENT_TIMESTAMP - INTERVAL '19 days', TRUE, FALSE, CURRENT_TIMESTAMP - INTERVAL '19 days', CURRENT_TIMESTAMP - INTERVAL '19 days', NULL),
(78, 78, 4, CURRENT_TIMESTAMP - INTERVAL '22 days', TRUE, FALSE, CURRENT_TIMESTAMP - INTERVAL '22 days', CURRENT_TIMESTAMP - INTERVAL '22 days', NULL),
(79, 79, 3, CURRENT_TIMESTAMP - INTERVAL '7 days', FALSE, FALSE, CURRENT_TIMESTAMP - INTERVAL '7 days', CURRENT_TIMESTAMP - INTERVAL '7 days', NULL),
(80, 80, 3, CURRENT_TIMESTAMP - INTERVAL '8 days', TRUE, TRUE, CURRENT_TIMESTAMP - INTERVAL '8 days', CURRENT_TIMESTAMP - INTERVAL '8 days', NULL),
(81, 81, 3, CURRENT_TIMESTAMP - INTERVAL '15 days', TRUE, FALSE, CURRENT_TIMESTAMP - INTERVAL '15 days', CURRENT_TIMESTAMP - INTERVAL '15 days', NULL),
(82, 82, 1, CURRENT_TIMESTAMP - INTERVAL '1 days', TRUE, FALSE, CURRENT_TIMESTAMP - INTERVAL '1 days', CURRENT_TIMESTAMP - INTERVAL '1 days', NULL),
(83, 83, 1, CURRENT_TIMESTAMP - INTERVAL '3 days', TRUE, FALSE, CURRENT_TIMESTAMP - INTERVAL '3 days', CURRENT_TIMESTAMP - INTERVAL '3 days', NULL),
(84, 84, 2, CURRENT_TIMESTAMP - INTERVAL '30 days', TRUE, TRUE, CURRENT_TIMESTAMP - INTERVAL '30 days', CURRENT_TIMESTAMP - INTERVAL '30 days', NULL),
(85, 85, 2, CURRENT_TIMESTAMP - INTERVAL '12 days', TRUE, FALSE, CURRENT_TIMESTAMP - INTERVAL '12 days', CURRENT_TIMESTAMP - INTERVAL '12 days', NULL),
(86, 86, 5, CURRENT_TIMESTAMP - INTERVAL '23 days', TRUE, FALSE, CURRENT_TIMESTAMP - INTERVAL '23 days', CURRENT_TIMESTAMP - INTERVAL '23 days', NULL),
(87, 87, 5, CURRENT_TIMESTAMP - INTERVAL '1 days', FALSE, FALSE, CURRENT_TIMESTAMP - INTERVAL '1 days', CURRENT_TIMESTAMP - INTERVAL '1 days', NULL),
(88, 88, 5, CURRENT_TIMESTAMP - INTERVAL '10 days', FALSE, FALSE, CURRENT_TIMESTAMP - INTERVAL '10 days', CURRENT_TIMESTAMP - INTERVAL '10 days', NULL),
(89, 89, 1, CURRENT_TIMESTAMP - INTERVAL '29 days', TRUE, TRUE, CURRENT_TIMESTAMP - INTERVAL '29 days', CURRENT_TIMESTAMP - INTERVAL '29 days', NULL),
(90, 90, 1, CURRENT_TIMESTAMP - INTERVAL '24 days', TRUE, TRUE, CURRENT_TIMESTAMP - INTERVAL '24 days', CURRENT_TIMESTAMP - INTERVAL '24 days', NULL),
(91, 91, 5, CURRENT_TIMESTAMP - INTERVAL '7 days', FALSE, FALSE, CURRENT_TIMESTAMP - INTERVAL '7 days', CURRENT_TIMESTAMP - INTERVAL '7 days', NULL),
(92, 92, 2, CURRENT_TIMESTAMP - INTERVAL '22 days', FALSE, FALSE, CURRENT_TIMESTAMP - INTERVAL '22 days', CURRENT_TIMESTAMP - INTERVAL '22 days', NULL),
(93, 93, 3, CURRENT_TIMESTAMP - INTERVAL '17 days', TRUE, FALSE, CURRENT_TIMESTAMP - INTERVAL '17 days', CURRENT_TIMESTAMP - INTERVAL '17 days', NULL),
(94, 94, 1, CURRENT_TIMESTAMP - INTERVAL '3 days', FALSE, FALSE, CURRENT_TIMESTAMP - INTERVAL '3 days', CURRENT_TIMESTAMP - INTERVAL '3 days', NULL),
(95, 95, 3, CURRENT_TIMESTAMP - INTERVAL '2 days', TRUE, FALSE, CURRENT_TIMESTAMP - INTERVAL '2 days', CURRENT_TIMESTAMP - INTERVAL '2 days', NULL),
(96, 96, 3, CURRENT_TIMESTAMP - INTERVAL '6 days', FALSE, FALSE, CURRENT_TIMESTAMP - INTERVAL '6 days', CURRENT_TIMESTAMP - INTERVAL '6 days', NULL),
(97, 97, 5, CURRENT_TIMESTAMP - INTERVAL '23 days', TRUE, TRUE, CURRENT_TIMESTAMP - INTERVAL '23 days', CURRENT_TIMESTAMP - INTERVAL '23 days', NULL),
(98, 98, 1, CURRENT_TIMESTAMP - INTERVAL '29 days', FALSE, FALSE, CURRENT_TIMESTAMP - INTERVAL '29 days', CURRENT_TIMESTAMP - INTERVAL '29 days', NULL),
(99, 99, 2, CURRENT_TIMESTAMP - INTERVAL '18 days', TRUE, FALSE, CURRENT_TIMESTAMP - INTERVAL '18 days', CURRENT_TIMESTAMP - INTERVAL '18 days', NULL),
(100, 100, 5, CURRENT_TIMESTAMP - INTERVAL '5 days', TRUE, TRUE, CURRENT_TIMESTAMP - INTERVAL '5 days', CURRENT_TIMESTAMP - INTERVAL '5 days', NULL);

-- Seed web sessions (150 sessions)
INSERT INTO origin_simulator_jaffle_corp.crm.web_sessions (session_id, customer_id, session_start, session_end, page_views, created_at, updated_at, deleted_at) VALUES
(1, 82, CURRENT_TIMESTAMP - INTERVAL '8 days', CURRENT_TIMESTAMP - INTERVAL '8 days' + INTERVAL '2 minutes', 9, CURRENT_TIMESTAMP - INTERVAL '8 days', CURRENT_TIMESTAMP - INTERVAL '8 days', NULL),
(2, 32, CURRENT_TIMESTAMP - INTERVAL '15 days', CURRENT_TIMESTAMP - INTERVAL '15 days' + INTERVAL '9 minutes', 4, CURRENT_TIMESTAMP - INTERVAL '15 days', CURRENT_TIMESTAMP - INTERVAL '15 days', NULL),
(3, 87, CURRENT_TIMESTAMP - INTERVAL '48 days', CURRENT_TIMESTAMP - INTERVAL '48 days' + INTERVAL '35 minutes', 3, CURRENT_TIMESTAMP - INTERVAL '48 days', CURRENT_TIMESTAMP - INTERVAL '48 days', NULL),
(4, 76, CURRENT_TIMESTAMP - INTERVAL '28 days', CURRENT_TIMESTAMP - INTERVAL '28 days' + INTERVAL '3 minutes', 1, CURRENT_TIMESTAMP - INTERVAL '28 days', CURRENT_TIMESTAMP - INTERVAL '28 days', NULL),
(5, 12, CURRENT_TIMESTAMP - INTERVAL '14 days', CURRENT_TIMESTAMP - INTERVAL '14 days' + INTERVAL '15 minutes', 17, CURRENT_TIMESTAMP - INTERVAL '14 days', CURRENT_TIMESTAMP - INTERVAL '14 days', NULL),
(6, 78, CURRENT_TIMESTAMP - INTERVAL '2 days', CURRENT_TIMESTAMP - INTERVAL '2 days' + INTERVAL '36 minutes', 7, CURRENT_TIMESTAMP - INTERVAL '2 days', CURRENT_TIMESTAMP - INTERVAL '2 days', NULL),
(7, 92, CURRENT_TIMESTAMP - INTERVAL '42 days', CURRENT_TIMESTAMP - INTERVAL '42 days' + INTERVAL '45 minutes', 18, CURRENT_TIMESTAMP - INTERVAL '42 days', CURRENT_TIMESTAMP - INTERVAL '42 days', NULL),
(8, 54, CURRENT_TIMESTAMP - INTERVAL '15 days', CURRENT_TIMESTAMP - INTERVAL '15 days' + INTERVAL '29 minutes', 19, CURRENT_TIMESTAMP - INTERVAL '15 days', CURRENT_TIMESTAMP - INTERVAL '15 days', NULL),
(9, 36, CURRENT_TIMESTAMP - INTERVAL '52 days', CURRENT_TIMESTAMP - INTERVAL '52 days' + INTERVAL '1 minutes', 6, CURRENT_TIMESTAMP - INTERVAL '52 days', CURRENT_TIMESTAMP - INTERVAL '52 days', NULL),
(10, 90, CURRENT_TIMESTAMP - INTERVAL '28 days', CURRENT_TIMESTAMP - INTERVAL '28 days' + INTERVAL '22 minutes', 9, CURRENT_TIMESTAMP - INTERVAL '28 days', CURRENT_TIMESTAMP - INTERVAL '28 days', NULL),
(11, 20, CURRENT_TIMESTAMP - INTERVAL '14 days', CURRENT_TIMESTAMP - INTERVAL '14 days' + INTERVAL '22 minutes', 4, CURRENT_TIMESTAMP - INTERVAL '14 days', CURRENT_TIMESTAMP - INTERVAL '14 days', NULL),
(12, 12, CURRENT_TIMESTAMP - INTERVAL '25 days', CURRENT_TIMESTAMP - INTERVAL '25 days' + INTERVAL '7 minutes', 12, CURRENT_TIMESTAMP - INTERVAL '25 days', CURRENT_TIMESTAMP - INTERVAL '25 days', NULL),
(13, 45, CURRENT_TIMESTAMP - INTERVAL '39 days', CURRENT_TIMESTAMP - INTERVAL '39 days' + INTERVAL '17 minutes', 2, CURRENT_TIMESTAMP - INTERVAL '39 days', CURRENT_TIMESTAMP - INTERVAL '39 days', NULL),
(14, 94, CURRENT_TIMESTAMP - INTERVAL '30 days', CURRENT_TIMESTAMP - INTERVAL '30 days' + INTERVAL '35 minutes', 4, CURRENT_TIMESTAMP - INTERVAL '30 days', CURRENT_TIMESTAMP - INTERVAL '30 days', NULL),
(15, 49, CURRENT_TIMESTAMP - INTERVAL '6 days', CURRENT_TIMESTAMP - INTERVAL '6 days' + INTERVAL '36 minutes', 10, CURRENT_TIMESTAMP - INTERVAL '6 days', CURRENT_TIMESTAMP - INTERVAL '6 days', NULL),
(16, 81, CURRENT_TIMESTAMP - INTERVAL '40 days', CURRENT_TIMESTAMP - INTERVAL '40 days' + INTERVAL '24 minutes', 19, CURRENT_TIMESTAMP - INTERVAL '40 days', CURRENT_TIMESTAMP - INTERVAL '40 days', NULL),
(17, 25, CURRENT_TIMESTAMP - INTERVAL '46 days', CURRENT_TIMESTAMP - INTERVAL '46 days' + INTERVAL '5 minutes', 2, CURRENT_TIMESTAMP - INTERVAL '46 days', CURRENT_TIMESTAMP - INTERVAL '46 days', NULL),
(18, 85, CURRENT_TIMESTAMP - INTERVAL '15 days', CURRENT_TIMESTAMP - INTERVAL '15 days' + INTERVAL '19 minutes', 3, CURRENT_TIMESTAMP - INTERVAL '15 days', CURRENT_TIMESTAMP - INTERVAL '15 days', NULL),
(19, 30, CURRENT_TIMESTAMP - INTERVAL '56 days', CURRENT_TIMESTAMP - INTERVAL '56 days' + INTERVAL '7 minutes', 13, CURRENT_TIMESTAMP - INTERVAL '56 days', CURRENT_TIMESTAMP - INTERVAL '56 days', NULL),
(20, 36, CURRENT_TIMESTAMP - INTERVAL '30 days', CURRENT_TIMESTAMP - INTERVAL '30 days' + INTERVAL '41 minutes', 12, CURRENT_TIMESTAMP - INTERVAL '30 days', CURRENT_TIMESTAMP - INTERVAL '30 days', NULL),
(21, 21, CURRENT_TIMESTAMP - INTERVAL '24 days', CURRENT_TIMESTAMP - INTERVAL '24 days' + INTERVAL '23 minutes', 7, CURRENT_TIMESTAMP - INTERVAL '24 days', CURRENT_TIMESTAMP - INTERVAL '24 days', NULL),
(22, 86, CURRENT_TIMESTAMP - INTERVAL '18 days', CURRENT_TIMESTAMP - INTERVAL '18 days' + INTERVAL '45 minutes', 3, CURRENT_TIMESTAMP - INTERVAL '18 days', CURRENT_TIMESTAMP - INTERVAL '18 days', NULL),
(23, 78, CURRENT_TIMESTAMP - INTERVAL '41 days', CURRENT_TIMESTAMP - INTERVAL '41 days' + INTERVAL '11 minutes', 18, CURRENT_TIMESTAMP - INTERVAL '41 days', CURRENT_TIMESTAMP - INTERVAL '41 days', NULL),
(24, 94, CURRENT_TIMESTAMP - INTERVAL '16 days', CURRENT_TIMESTAMP - INTERVAL '16 days' + INTERVAL '11 minutes', 15, CURRENT_TIMESTAMP - INTERVAL '16 days', CURRENT_TIMESTAMP - INTERVAL '16 days', NULL),
(25, 49, CURRENT_TIMESTAMP - INTERVAL '18 days', CURRENT_TIMESTAMP - INTERVAL '18 days' + INTERVAL '41 minutes', 18, CURRENT_TIMESTAMP - INTERVAL '18 days', CURRENT_TIMESTAMP - INTERVAL '18 days', NULL),
(26, 29, CURRENT_TIMESTAMP - INTERVAL '44 days', CURRENT_TIMESTAMP - INTERVAL '44 days' + INTERVAL '21 minutes', 2, CURRENT_TIMESTAMP - INTERVAL '44 days', CURRENT_TIMESTAMP - INTERVAL '44 days', NULL),
(27, 30, CURRENT_TIMESTAMP - INTERVAL '53 days', CURRENT_TIMESTAMP - INTERVAL '53 days' + INTERVAL '3 minutes', 11, CURRENT_TIMESTAMP - INTERVAL '53 days', CURRENT_TIMESTAMP - INTERVAL '53 days', NULL),
(28, 52, CURRENT_TIMESTAMP - INTERVAL '18 days', CURRENT_TIMESTAMP - INTERVAL '18 days' + INTERVAL '5 minutes', 7, CURRENT_TIMESTAMP - INTERVAL '18 days', CURRENT_TIMESTAMP - INTERVAL '18 days', NULL),
(29, 73, CURRENT_TIMESTAMP - INTERVAL '57 days', CURRENT_TIMESTAMP - INTERVAL '57 days' + INTERVAL '21 minutes', 7, CURRENT_TIMESTAMP - INTERVAL '57 days', CURRENT_TIMESTAMP - INTERVAL '57 days', NULL),
(30, 84, CURRENT_TIMESTAMP - INTERVAL '32 days', CURRENT_TIMESTAMP - INTERVAL '32 days' + INTERVAL '26 minutes', 15, CURRENT_TIMESTAMP - INTERVAL '32 days', CURRENT_TIMESTAMP - INTERVAL '32 days', NULL),
(31, 19, CURRENT_TIMESTAMP - INTERVAL '17 days', CURRENT_TIMESTAMP - INTERVAL '17 days' + INTERVAL '9 minutes', 8, CURRENT_TIMESTAMP - INTERVAL '17 days', CURRENT_TIMESTAMP - INTERVAL '17 days', NULL),
(32, 96, CURRENT_TIMESTAMP - INTERVAL '36 days', CURRENT_TIMESTAMP - INTERVAL '36 days' + INTERVAL '35 minutes', 9, CURRENT_TIMESTAMP - INTERVAL '36 days', CURRENT_TIMESTAMP - INTERVAL '36 days', NULL),
(33, 96, CURRENT_TIMESTAMP - INTERVAL '38 days', CURRENT_TIMESTAMP - INTERVAL '38 days' + INTERVAL '28 minutes', 19, CURRENT_TIMESTAMP - INTERVAL '38 days', CURRENT_TIMESTAMP - INTERVAL '38 days', NULL),
(34, 52, CURRENT_TIMESTAMP - INTERVAL '24 days', CURRENT_TIMESTAMP - INTERVAL '24 days' + INTERVAL '15 minutes', 5, CURRENT_TIMESTAMP - INTERVAL '24 days', CURRENT_TIMESTAMP - INTERVAL '24 days', NULL),
(35, 66, CURRENT_TIMESTAMP - INTERVAL '32 days', CURRENT_TIMESTAMP - INTERVAL '32 days' + INTERVAL '6 minutes', 2, CURRENT_TIMESTAMP - INTERVAL '32 days', CURRENT_TIMESTAMP - INTERVAL '32 days', NULL),
(36, 15, CURRENT_TIMESTAMP - INTERVAL '10 days', CURRENT_TIMESTAMP - INTERVAL '10 days' + INTERVAL '41 minutes', 6, CURRENT_TIMESTAMP - INTERVAL '10 days', CURRENT_TIMESTAMP - INTERVAL '10 days', NULL),
(37, 88, CURRENT_TIMESTAMP - INTERVAL '28 days', CURRENT_TIMESTAMP - INTERVAL '28 days' + INTERVAL '39 minutes', 3, CURRENT_TIMESTAMP - INTERVAL '28 days', CURRENT_TIMESTAMP - INTERVAL '28 days', NULL),
(38, 50, CURRENT_TIMESTAMP - INTERVAL '25 days', CURRENT_TIMESTAMP - INTERVAL '25 days' + INTERVAL '39 minutes', 15, CURRENT_TIMESTAMP - INTERVAL '25 days', CURRENT_TIMESTAMP - INTERVAL '25 days', NULL),
(39, 68, CURRENT_TIMESTAMP - INTERVAL '17 days', CURRENT_TIMESTAMP - INTERVAL '17 days' + INTERVAL '36 minutes', 1, CURRENT_TIMESTAMP - INTERVAL '17 days', CURRENT_TIMESTAMP - INTERVAL '17 days', NULL),
(40, 88, CURRENT_TIMESTAMP - INTERVAL '47 days', CURRENT_TIMESTAMP - INTERVAL '47 days' + INTERVAL '8 minutes', 18, CURRENT_TIMESTAMP - INTERVAL '47 days', CURRENT_TIMESTAMP - INTERVAL '47 days', NULL),
(41, 97, CURRENT_TIMESTAMP - INTERVAL '18 days', CURRENT_TIMESTAMP - INTERVAL '18 days' + INTERVAL '42 minutes', 11, CURRENT_TIMESTAMP - INTERVAL '18 days', CURRENT_TIMESTAMP - INTERVAL '18 days', NULL),
(42, 15, CURRENT_TIMESTAMP - INTERVAL '19 days', CURRENT_TIMESTAMP - INTERVAL '19 days' + INTERVAL '28 minutes', 6, CURRENT_TIMESTAMP - INTERVAL '19 days', CURRENT_TIMESTAMP - INTERVAL '19 days', NULL),
(43, 59, CURRENT_TIMESTAMP - INTERVAL '1 days', CURRENT_TIMESTAMP - INTERVAL '1 days' + INTERVAL '17 minutes', 17, CURRENT_TIMESTAMP - INTERVAL '1 days', CURRENT_TIMESTAMP - INTERVAL '1 days', NULL),
(44, 98, CURRENT_TIMESTAMP - INTERVAL '12 days', CURRENT_TIMESTAMP - INTERVAL '12 days' + INTERVAL '33 minutes', 4, CURRENT_TIMESTAMP - INTERVAL '12 days', CURRENT_TIMESTAMP - INTERVAL '12 days', NULL),
(45, 81, CURRENT_TIMESTAMP - INTERVAL '20 days', CURRENT_TIMESTAMP - INTERVAL '20 days' + INTERVAL '41 minutes', 17, CURRENT_TIMESTAMP - INTERVAL '20 days', CURRENT_TIMESTAMP - INTERVAL '20 days', NULL),
(46, 78, CURRENT_TIMESTAMP - INTERVAL '13 days', CURRENT_TIMESTAMP - INTERVAL '13 days' + INTERVAL '10 minutes', 12, CURRENT_TIMESTAMP - INTERVAL '13 days', CURRENT_TIMESTAMP - INTERVAL '13 days', NULL),
(47, 98, CURRENT_TIMESTAMP - INTERVAL '11 days', CURRENT_TIMESTAMP - INTERVAL '11 days' + INTERVAL '35 minutes', 17, CURRENT_TIMESTAMP - INTERVAL '11 days', CURRENT_TIMESTAMP - INTERVAL '11 days', NULL),
(48, 1, CURRENT_TIMESTAMP - INTERVAL '39 days', CURRENT_TIMESTAMP - INTERVAL '39 days' + INTERVAL '21 minutes', 16, CURRENT_TIMESTAMP - INTERVAL '39 days', CURRENT_TIMESTAMP - INTERVAL '39 days', NULL),
(49, 3, CURRENT_TIMESTAMP - INTERVAL '8 days', CURRENT_TIMESTAMP - INTERVAL '8 days' + INTERVAL '24 minutes', 10, CURRENT_TIMESTAMP - INTERVAL '8 days', CURRENT_TIMESTAMP - INTERVAL '8 days', NULL),
(50, 31, CURRENT_TIMESTAMP - INTERVAL '4 days', CURRENT_TIMESTAMP - INTERVAL '4 days' + INTERVAL '16 minutes', 19, CURRENT_TIMESTAMP - INTERVAL '4 days', CURRENT_TIMESTAMP - INTERVAL '4 days', NULL),
(51, 11, CURRENT_TIMESTAMP - INTERVAL '6 days', CURRENT_TIMESTAMP - INTERVAL '6 days' + INTERVAL '32 minutes', 3, CURRENT_TIMESTAMP - INTERVAL '6 days', CURRENT_TIMESTAMP - INTERVAL '6 days', NULL),
(52, 98, CURRENT_TIMESTAMP - INTERVAL '35 days', CURRENT_TIMESTAMP - INTERVAL '35 days' + INTERVAL '9 minutes', 5, CURRENT_TIMESTAMP - INTERVAL '35 days', CURRENT_TIMESTAMP - INTERVAL '35 days', NULL),
(53, 85, CURRENT_TIMESTAMP - INTERVAL '31 days', CURRENT_TIMESTAMP - INTERVAL '31 days' + INTERVAL '36 minutes', 6, CURRENT_TIMESTAMP - INTERVAL '31 days', CURRENT_TIMESTAMP - INTERVAL '31 days', NULL),
(54, 34, CURRENT_TIMESTAMP - INTERVAL '34 days', CURRENT_TIMESTAMP - INTERVAL '34 days' + INTERVAL '39 minutes', 14, CURRENT_TIMESTAMP - INTERVAL '34 days', CURRENT_TIMESTAMP - INTERVAL '34 days', NULL),
(55, 28, CURRENT_TIMESTAMP - INTERVAL '60 days', CURRENT_TIMESTAMP - INTERVAL '60 days' + INTERVAL '35 minutes', 7, CURRENT_TIMESTAMP - INTERVAL '60 days', CURRENT_TIMESTAMP - INTERVAL '60 days', NULL),
(56, 92, CURRENT_TIMESTAMP - INTERVAL '20 days', CURRENT_TIMESTAMP - INTERVAL '20 days' + INTERVAL '26 minutes', 12, CURRENT_TIMESTAMP - INTERVAL '20 days', CURRENT_TIMESTAMP - INTERVAL '20 days', NULL),
(57, 57, CURRENT_TIMESTAMP - INTERVAL '58 days', CURRENT_TIMESTAMP - INTERVAL '58 days' + INTERVAL '34 minutes', 15, CURRENT_TIMESTAMP - INTERVAL '58 days', CURRENT_TIMESTAMP - INTERVAL '58 days', NULL),
(58, 16, CURRENT_TIMESTAMP - INTERVAL '16 days', CURRENT_TIMESTAMP - INTERVAL '16 days' + INTERVAL '15 minutes', 3, CURRENT_TIMESTAMP - INTERVAL '16 days', CURRENT_TIMESTAMP - INTERVAL '16 days', NULL),
(59, 44, CURRENT_TIMESTAMP - INTERVAL '2 days', CURRENT_TIMESTAMP - INTERVAL '2 days' + INTERVAL '38 minutes', 18, CURRENT_TIMESTAMP - INTERVAL '2 days', CURRENT_TIMESTAMP - INTERVAL '2 days', NULL),
(60, 30, CURRENT_TIMESTAMP - INTERVAL '38 days', CURRENT_TIMESTAMP - INTERVAL '38 days' + INTERVAL '15 minutes', 1, CURRENT_TIMESTAMP - INTERVAL '38 days', CURRENT_TIMESTAMP - INTERVAL '38 days', NULL),
(61, 10, CURRENT_TIMESTAMP - INTERVAL '46 days', CURRENT_TIMESTAMP - INTERVAL '46 days' + INTERVAL '41 minutes', 2, CURRENT_TIMESTAMP - INTERVAL '46 days', CURRENT_TIMESTAMP - INTERVAL '46 days', NULL),
(62, 30, CURRENT_TIMESTAMP - INTERVAL '5 days', CURRENT_TIMESTAMP - INTERVAL '5 days' + INTERVAL '3 minutes', 11, CURRENT_TIMESTAMP - INTERVAL '5 days', CURRENT_TIMESTAMP - INTERVAL '5 days', NULL),
(63, 10, CURRENT_TIMESTAMP - INTERVAL '33 days', CURRENT_TIMESTAMP - INTERVAL '33 days' + INTERVAL '16 minutes', 9, CURRENT_TIMESTAMP - INTERVAL '33 days', CURRENT_TIMESTAMP - INTERVAL '33 days', NULL),
(64, 86, CURRENT_TIMESTAMP - INTERVAL '32 days', CURRENT_TIMESTAMP - INTERVAL '32 days' + INTERVAL '14 minutes', 18, CURRENT_TIMESTAMP - INTERVAL '32 days', CURRENT_TIMESTAMP - INTERVAL '32 days', NULL),
(65, 17, CURRENT_TIMESTAMP - INTERVAL '47 days', CURRENT_TIMESTAMP - INTERVAL '47 days' + INTERVAL '37 minutes', 19, CURRENT_TIMESTAMP - INTERVAL '47 days', CURRENT_TIMESTAMP - INTERVAL '47 days', NULL),
(66, 61, CURRENT_TIMESTAMP - INTERVAL '16 days', CURRENT_TIMESTAMP - INTERVAL '16 days' + INTERVAL '31 minutes', 14, CURRENT_TIMESTAMP - INTERVAL '16 days', CURRENT_TIMESTAMP - INTERVAL '16 days', NULL),
(67, 25, CURRENT_TIMESTAMP - INTERVAL '7 days', CURRENT_TIMESTAMP - INTERVAL '7 days' + INTERVAL '7 minutes', 14, CURRENT_TIMESTAMP - INTERVAL '7 days', CURRENT_TIMESTAMP - INTERVAL '7 days', NULL),
(68, 46, CURRENT_TIMESTAMP - INTERVAL '28 days', CURRENT_TIMESTAMP - INTERVAL '28 days' + INTERVAL '27 minutes', 15, CURRENT_TIMESTAMP - INTERVAL '28 days', CURRENT_TIMESTAMP - INTERVAL '28 days', NULL),
(69, 94, CURRENT_TIMESTAMP - INTERVAL '4 days', CURRENT_TIMESTAMP - INTERVAL '4 days' + INTERVAL '44 minutes', 4, CURRENT_TIMESTAMP - INTERVAL '4 days', CURRENT_TIMESTAMP - INTERVAL '4 days', NULL),
(70, 8, CURRENT_TIMESTAMP - INTERVAL '26 days', CURRENT_TIMESTAMP - INTERVAL '26 days' + INTERVAL '22 minutes', 4, CURRENT_TIMESTAMP - INTERVAL '26 days', CURRENT_TIMESTAMP - INTERVAL '26 days', NULL),
(71, 32, CURRENT_TIMESTAMP - INTERVAL '13 days', CURRENT_TIMESTAMP - INTERVAL '13 days' + INTERVAL '13 minutes', 18, CURRENT_TIMESTAMP - INTERVAL '13 days', CURRENT_TIMESTAMP - INTERVAL '13 days', NULL),
(72, 58, CURRENT_TIMESTAMP - INTERVAL '9 days', CURRENT_TIMESTAMP - INTERVAL '9 days' + INTERVAL '28 minutes', 6, CURRENT_TIMESTAMP - INTERVAL '9 days', CURRENT_TIMESTAMP - INTERVAL '9 days', NULL),
(73, 36, CURRENT_TIMESTAMP - INTERVAL '30 days', CURRENT_TIMESTAMP - INTERVAL '30 days' + INTERVAL '16 minutes', 3, CURRENT_TIMESTAMP - INTERVAL '30 days', CURRENT_TIMESTAMP - INTERVAL '30 days', NULL),
(74, 57, CURRENT_TIMESTAMP - INTERVAL '52 days', CURRENT_TIMESTAMP - INTERVAL '52 days' + INTERVAL '36 minutes', 4, CURRENT_TIMESTAMP - INTERVAL '52 days', CURRENT_TIMESTAMP - INTERVAL '52 days', NULL),
(75, 7, CURRENT_TIMESTAMP - INTERVAL '42 days', CURRENT_TIMESTAMP - INTERVAL '42 days' + INTERVAL '35 minutes', 1, CURRENT_TIMESTAMP - INTERVAL '42 days', CURRENT_TIMESTAMP - INTERVAL '42 days', NULL),
(76, 12, CURRENT_TIMESTAMP - INTERVAL '60 days', CURRENT_TIMESTAMP - INTERVAL '60 days' + INTERVAL '16 minutes', 6, CURRENT_TIMESTAMP - INTERVAL '60 days', CURRENT_TIMESTAMP - INTERVAL '60 days', NULL),
(77, 53, CURRENT_TIMESTAMP - INTERVAL '32 days', CURRENT_TIMESTAMP - INTERVAL '32 days' + INTERVAL '31 minutes', 7, CURRENT_TIMESTAMP - INTERVAL '32 days', CURRENT_TIMESTAMP - INTERVAL '32 days', NULL),
(78, 52, CURRENT_TIMESTAMP - INTERVAL '58 days', CURRENT_TIMESTAMP - INTERVAL '58 days' + INTERVAL '4 minutes', 6, CURRENT_TIMESTAMP - INTERVAL '58 days', CURRENT_TIMESTAMP - INTERVAL '58 days', NULL),
(79, 49, CURRENT_TIMESTAMP - INTERVAL '1 days', CURRENT_TIMESTAMP - INTERVAL '1 days' + INTERVAL '25 minutes', 9, CURRENT_TIMESTAMP - INTERVAL '1 days', CURRENT_TIMESTAMP - INTERVAL '1 days', NULL),
(80, 59, CURRENT_TIMESTAMP - INTERVAL '19 days', CURRENT_TIMESTAMP - INTERVAL '19 days' + INTERVAL '28 minutes', 18, CURRENT_TIMESTAMP - INTERVAL '19 days', CURRENT_TIMESTAMP - INTERVAL '19 days', NULL),
(81, 85, CURRENT_TIMESTAMP - INTERVAL '46 days', CURRENT_TIMESTAMP - INTERVAL '46 days' + INTERVAL '32 minutes', 5, CURRENT_TIMESTAMP - INTERVAL '46 days', CURRENT_TIMESTAMP - INTERVAL '46 days', NULL),
(82, 25, CURRENT_TIMESTAMP - INTERVAL '19 days', CURRENT_TIMESTAMP - INTERVAL '19 days' + INTERVAL '14 minutes', 2, CURRENT_TIMESTAMP - INTERVAL '19 days', CURRENT_TIMESTAMP - INTERVAL '19 days', NULL),
(83, 75, CURRENT_TIMESTAMP - INTERVAL '48 days', CURRENT_TIMESTAMP - INTERVAL '48 days' + INTERVAL '35 minutes', 2, CURRENT_TIMESTAMP - INTERVAL '48 days', CURRENT_TIMESTAMP - INTERVAL '48 days', NULL),
(84, 96, CURRENT_TIMESTAMP - INTERVAL '21 days', CURRENT_TIMESTAMP - INTERVAL '21 days' + INTERVAL '4 minutes', 2, CURRENT_TIMESTAMP - INTERVAL '21 days', CURRENT_TIMESTAMP - INTERVAL '21 days', NULL),
(85, 75, CURRENT_TIMESTAMP - INTERVAL '31 days', CURRENT_TIMESTAMP - INTERVAL '31 days' + INTERVAL '33 minutes', 17, CURRENT_TIMESTAMP - INTERVAL '31 days', CURRENT_TIMESTAMP - INTERVAL '31 days', NULL),
(86, 21, CURRENT_TIMESTAMP - INTERVAL '4 days', CURRENT_TIMESTAMP - INTERVAL '4 days' + INTERVAL '33 minutes', 3, CURRENT_TIMESTAMP - INTERVAL '4 days', CURRENT_TIMESTAMP - INTERVAL '4 days', NULL),
(87, 24, CURRENT_TIMESTAMP - INTERVAL '5 days', CURRENT_TIMESTAMP - INTERVAL '5 days' + INTERVAL '39 minutes', 3, CURRENT_TIMESTAMP - INTERVAL '5 days', CURRENT_TIMESTAMP - INTERVAL '5 days', NULL),
(88, 87, CURRENT_TIMESTAMP - INTERVAL '56 days', CURRENT_TIMESTAMP - INTERVAL '56 days' + INTERVAL '16 minutes', 13, CURRENT_TIMESTAMP - INTERVAL '56 days', CURRENT_TIMESTAMP - INTERVAL '56 days', NULL),
(89, 16, CURRENT_TIMESTAMP - INTERVAL '57 days', CURRENT_TIMESTAMP - INTERVAL '57 days' + INTERVAL '37 minutes', 8, CURRENT_TIMESTAMP - INTERVAL '57 days', CURRENT_TIMESTAMP - INTERVAL '57 days', NULL),
(90, 75, CURRENT_TIMESTAMP - INTERVAL '39 days', CURRENT_TIMESTAMP - INTERVAL '39 days' + INTERVAL '3 minutes', 20, CURRENT_TIMESTAMP - INTERVAL '39 days', CURRENT_TIMESTAMP - INTERVAL '39 days', NULL),
(91, 11, CURRENT_TIMESTAMP - INTERVAL '27 days', CURRENT_TIMESTAMP - INTERVAL '27 days' + INTERVAL '43 minutes', 19, CURRENT_TIMESTAMP - INTERVAL '27 days', CURRENT_TIMESTAMP - INTERVAL '27 days', NULL),
(92, 73, CURRENT_TIMESTAMP - INTERVAL '34 days', CURRENT_TIMESTAMP - INTERVAL '34 days' + INTERVAL '21 minutes', 9, CURRENT_TIMESTAMP - INTERVAL '34 days', CURRENT_TIMESTAMP - INTERVAL '34 days', NULL),
(93, 27, CURRENT_TIMESTAMP - INTERVAL '43 days', CURRENT_TIMESTAMP - INTERVAL '43 days' + INTERVAL '21 minutes', 8, CURRENT_TIMESTAMP - INTERVAL '43 days', CURRENT_TIMESTAMP - INTERVAL '43 days', NULL),
(94, 34, CURRENT_TIMESTAMP - INTERVAL '26 days', CURRENT_TIMESTAMP - INTERVAL '26 days' + INTERVAL '9 minutes', 10, CURRENT_TIMESTAMP - INTERVAL '26 days', CURRENT_TIMESTAMP - INTERVAL '26 days', NULL),
(95, 59, CURRENT_TIMESTAMP - INTERVAL '21 days', CURRENT_TIMESTAMP - INTERVAL '21 days' + INTERVAL '5 minutes', 1, CURRENT_TIMESTAMP - INTERVAL '21 days', CURRENT_TIMESTAMP - INTERVAL '21 days', NULL),
(96, 59, CURRENT_TIMESTAMP - INTERVAL '40 days', CURRENT_TIMESTAMP - INTERVAL '40 days' + INTERVAL '37 minutes', 4, CURRENT_TIMESTAMP - INTERVAL '40 days', CURRENT_TIMESTAMP - INTERVAL '40 days', NULL),
(97, 10, CURRENT_TIMESTAMP - INTERVAL '35 days', CURRENT_TIMESTAMP - INTERVAL '35 days' + INTERVAL '14 minutes', 17, CURRENT_TIMESTAMP - INTERVAL '35 days', CURRENT_TIMESTAMP - INTERVAL '35 days', NULL),
(98, 34, CURRENT_TIMESTAMP - INTERVAL '9 days', CURRENT_TIMESTAMP - INTERVAL '9 days' + INTERVAL '23 minutes', 3, CURRENT_TIMESTAMP - INTERVAL '9 days', CURRENT_TIMESTAMP - INTERVAL '9 days', NULL),
(99, 32, CURRENT_TIMESTAMP - INTERVAL '24 days', CURRENT_TIMESTAMP - INTERVAL '24 days' + INTERVAL '19 minutes', 6, CURRENT_TIMESTAMP - INTERVAL '24 days', CURRENT_TIMESTAMP - INTERVAL '24 days', NULL),
(100, 57, CURRENT_TIMESTAMP - INTERVAL '54 days', CURRENT_TIMESTAMP - INTERVAL '54 days' + INTERVAL '35 minutes', 10, CURRENT_TIMESTAMP - INTERVAL '54 days', CURRENT_TIMESTAMP - INTERVAL '54 days', NULL),
(101, 79, CURRENT_TIMESTAMP - INTERVAL '52 days', CURRENT_TIMESTAMP - INTERVAL '52 days' + INTERVAL '42 minutes', 17, CURRENT_TIMESTAMP - INTERVAL '52 days', CURRENT_TIMESTAMP - INTERVAL '52 days', NULL),
(102, 2, CURRENT_TIMESTAMP - INTERVAL '43 days', CURRENT_TIMESTAMP - INTERVAL '43 days' + INTERVAL '36 minutes', 10, CURRENT_TIMESTAMP - INTERVAL '43 days', CURRENT_TIMESTAMP - INTERVAL '43 days', NULL),
(103, 85, CURRENT_TIMESTAMP - INTERVAL '7 days', CURRENT_TIMESTAMP - INTERVAL '7 days' + INTERVAL '9 minutes', 9, CURRENT_TIMESTAMP - INTERVAL '7 days', CURRENT_TIMESTAMP - INTERVAL '7 days', NULL),
(104, 15, CURRENT_TIMESTAMP - INTERVAL '57 days', CURRENT_TIMESTAMP - INTERVAL '57 days' + INTERVAL '7 minutes', 18, CURRENT_TIMESTAMP - INTERVAL '57 days', CURRENT_TIMESTAMP - INTERVAL '57 days', NULL),
(105, 20, CURRENT_TIMESTAMP - INTERVAL '18 days', CURRENT_TIMESTAMP - INTERVAL '18 days' + INTERVAL '19 minutes', 20, CURRENT_TIMESTAMP - INTERVAL '18 days', CURRENT_TIMESTAMP - INTERVAL '18 days', NULL),
(106, 27, CURRENT_TIMESTAMP - INTERVAL '46 days', CURRENT_TIMESTAMP - INTERVAL '46 days' + INTERVAL '22 minutes', 7, CURRENT_TIMESTAMP - INTERVAL '46 days', CURRENT_TIMESTAMP - INTERVAL '46 days', NULL),
(107, 88, CURRENT_TIMESTAMP - INTERVAL '41 days', CURRENT_TIMESTAMP - INTERVAL '41 days' + INTERVAL '17 minutes', 17, CURRENT_TIMESTAMP - INTERVAL '41 days', CURRENT_TIMESTAMP - INTERVAL '41 days', NULL),
(108, 63, CURRENT_TIMESTAMP - INTERVAL '17 days', CURRENT_TIMESTAMP - INTERVAL '17 days' + INTERVAL '4 minutes', 3, CURRENT_TIMESTAMP - INTERVAL '17 days', CURRENT_TIMESTAMP - INTERVAL '17 days', NULL),
(109, 82, CURRENT_TIMESTAMP - INTERVAL '28 days', CURRENT_TIMESTAMP - INTERVAL '28 days' + INTERVAL '18 minutes', 2, CURRENT_TIMESTAMP - INTERVAL '28 days', CURRENT_TIMESTAMP - INTERVAL '28 days', NULL),
(110, 1, CURRENT_TIMESTAMP - INTERVAL '22 days', CURRENT_TIMESTAMP - INTERVAL '22 days' + INTERVAL '9 minutes', 9, CURRENT_TIMESTAMP - INTERVAL '22 days', CURRENT_TIMESTAMP - INTERVAL '22 days', NULL),
(111, 21, CURRENT_TIMESTAMP - INTERVAL '48 days', CURRENT_TIMESTAMP - INTERVAL '48 days' + INTERVAL '29 minutes', 18, CURRENT_TIMESTAMP - INTERVAL '48 days', CURRENT_TIMESTAMP - INTERVAL '48 days', NULL),
(112, 91, CURRENT_TIMESTAMP - INTERVAL '28 days', CURRENT_TIMESTAMP - INTERVAL '28 days' + INTERVAL '36 minutes', 1, CURRENT_TIMESTAMP - INTERVAL '28 days', CURRENT_TIMESTAMP - INTERVAL '28 days', NULL),
(113, 15, CURRENT_TIMESTAMP - INTERVAL '5 days', CURRENT_TIMESTAMP - INTERVAL '5 days' + INTERVAL '45 minutes', 5, CURRENT_TIMESTAMP - INTERVAL '5 days', CURRENT_TIMESTAMP - INTERVAL '5 days', NULL),
(114, 70, CURRENT_TIMESTAMP - INTERVAL '3 days', CURRENT_TIMESTAMP - INTERVAL '3 days' + INTERVAL '24 minutes', 19, CURRENT_TIMESTAMP - INTERVAL '3 days', CURRENT_TIMESTAMP - INTERVAL '3 days', NULL),
(115, 71, CURRENT_TIMESTAMP - INTERVAL '10 days', CURRENT_TIMESTAMP - INTERVAL '10 days' + INTERVAL '28 minutes', 5, CURRENT_TIMESTAMP - INTERVAL '10 days', CURRENT_TIMESTAMP - INTERVAL '10 days', NULL),
(116, 6, CURRENT_TIMESTAMP - INTERVAL '20 days', CURRENT_TIMESTAMP - INTERVAL '20 days' + INTERVAL '24 minutes', 2, CURRENT_TIMESTAMP - INTERVAL '20 days', CURRENT_TIMESTAMP - INTERVAL '20 days', NULL),
(117, 46, CURRENT_TIMESTAMP - INTERVAL '14 days', CURRENT_TIMESTAMP - INTERVAL '14 days' + INTERVAL '44 minutes', 8, CURRENT_TIMESTAMP - INTERVAL '14 days', CURRENT_TIMESTAMP - INTERVAL '14 days', NULL),
(118, 86, CURRENT_TIMESTAMP - INTERVAL '7 days', CURRENT_TIMESTAMP - INTERVAL '7 days' + INTERVAL '23 minutes', 18, CURRENT_TIMESTAMP - INTERVAL '7 days', CURRENT_TIMESTAMP - INTERVAL '7 days', NULL),
(119, 53, CURRENT_TIMESTAMP - INTERVAL '40 days', CURRENT_TIMESTAMP - INTERVAL '40 days' + INTERVAL '10 minutes', 8, CURRENT_TIMESTAMP - INTERVAL '40 days', CURRENT_TIMESTAMP - INTERVAL '40 days', NULL),
(120, 21, CURRENT_TIMESTAMP - INTERVAL '52 days', CURRENT_TIMESTAMP - INTERVAL '52 days' + INTERVAL '12 minutes', 14, CURRENT_TIMESTAMP - INTERVAL '52 days', CURRENT_TIMESTAMP - INTERVAL '52 days', NULL),
(121, 4, CURRENT_TIMESTAMP - INTERVAL '12 days', CURRENT_TIMESTAMP - INTERVAL '12 days' + INTERVAL '22 minutes', 14, CURRENT_TIMESTAMP - INTERVAL '12 days', CURRENT_TIMESTAMP - INTERVAL '12 days', NULL),
(122, 86, CURRENT_TIMESTAMP - INTERVAL '56 days', CURRENT_TIMESTAMP - INTERVAL '56 days' + INTERVAL '16 minutes', 9, CURRENT_TIMESTAMP - INTERVAL '56 days', CURRENT_TIMESTAMP - INTERVAL '56 days', NULL),
(123, 21, CURRENT_TIMESTAMP - INTERVAL '51 days', CURRENT_TIMESTAMP - INTERVAL '51 days' + INTERVAL '45 minutes', 4, CURRENT_TIMESTAMP - INTERVAL '51 days', CURRENT_TIMESTAMP - INTERVAL '51 days', NULL),
(124, 49, CURRENT_TIMESTAMP - INTERVAL '56 days', CURRENT_TIMESTAMP - INTERVAL '56 days' + INTERVAL '3 minutes', 16, CURRENT_TIMESTAMP - INTERVAL '56 days', CURRENT_TIMESTAMP - INTERVAL '56 days', NULL),
(125, 29, CURRENT_TIMESTAMP - INTERVAL '13 days', CURRENT_TIMESTAMP - INTERVAL '13 days' + INTERVAL '30 minutes', 12, CURRENT_TIMESTAMP - INTERVAL '13 days', CURRENT_TIMESTAMP - INTERVAL '13 days', NULL),
(126, 40, CURRENT_TIMESTAMP - INTERVAL '53 days', CURRENT_TIMESTAMP - INTERVAL '53 days' + INTERVAL '15 minutes', 8, CURRENT_TIMESTAMP - INTERVAL '53 days', CURRENT_TIMESTAMP - INTERVAL '53 days', NULL),
(127, 4, CURRENT_TIMESTAMP - INTERVAL '43 days', CURRENT_TIMESTAMP - INTERVAL '43 days' + INTERVAL '13 minutes', 13, CURRENT_TIMESTAMP - INTERVAL '43 days', CURRENT_TIMESTAMP - INTERVAL '43 days', NULL),
(128, 43, CURRENT_TIMESTAMP - INTERVAL '18 days', CURRENT_TIMESTAMP - INTERVAL '18 days' + INTERVAL '5 minutes', 9, CURRENT_TIMESTAMP - INTERVAL '18 days', CURRENT_TIMESTAMP - INTERVAL '18 days', NULL),
(129, 45, CURRENT_TIMESTAMP - INTERVAL '42 days', CURRENT_TIMESTAMP - INTERVAL '42 days' + INTERVAL '33 minutes', 13, CURRENT_TIMESTAMP - INTERVAL '42 days', CURRENT_TIMESTAMP - INTERVAL '42 days', NULL),
(130, 87, CURRENT_TIMESTAMP - INTERVAL '54 days', CURRENT_TIMESTAMP - INTERVAL '54 days' + INTERVAL '35 minutes', 11, CURRENT_TIMESTAMP - INTERVAL '54 days', CURRENT_TIMESTAMP - INTERVAL '54 days', NULL),
(131, 4, CURRENT_TIMESTAMP - INTERVAL '8 days', CURRENT_TIMESTAMP - INTERVAL '8 days' + INTERVAL '17 minutes', 6, CURRENT_TIMESTAMP - INTERVAL '8 days', CURRENT_TIMESTAMP - INTERVAL '8 days', NULL),
(132, 75, CURRENT_TIMESTAMP - INTERVAL '17 days', CURRENT_TIMESTAMP - INTERVAL '17 days' + INTERVAL '3 minutes', 4, CURRENT_TIMESTAMP - INTERVAL '17 days', CURRENT_TIMESTAMP - INTERVAL '17 days', NULL),
(133, 77, CURRENT_TIMESTAMP - INTERVAL '28 days', CURRENT_TIMESTAMP - INTERVAL '28 days' + INTERVAL '23 minutes', 11, CURRENT_TIMESTAMP - INTERVAL '28 days', CURRENT_TIMESTAMP - INTERVAL '28 days', NULL),
(134, 56, CURRENT_TIMESTAMP - INTERVAL '39 days', CURRENT_TIMESTAMP - INTERVAL '39 days' + INTERVAL '33 minutes', 4, CURRENT_TIMESTAMP - INTERVAL '39 days', CURRENT_TIMESTAMP - INTERVAL '39 days', NULL),
(135, 50, CURRENT_TIMESTAMP - INTERVAL '58 days', CURRENT_TIMESTAMP - INTERVAL '58 days' + INTERVAL '37 minutes', 7, CURRENT_TIMESTAMP - INTERVAL '58 days', CURRENT_TIMESTAMP - INTERVAL '58 days', NULL),
(136, 33, CURRENT_TIMESTAMP - INTERVAL '3 days', CURRENT_TIMESTAMP - INTERVAL '3 days' + INTERVAL '28 minutes', 1, CURRENT_TIMESTAMP - INTERVAL '3 days', CURRENT_TIMESTAMP - INTERVAL '3 days', NULL),
(137, 67, CURRENT_TIMESTAMP - INTERVAL '60 days', CURRENT_TIMESTAMP - INTERVAL '60 days' + INTERVAL '35 minutes', 7, CURRENT_TIMESTAMP - INTERVAL '60 days', CURRENT_TIMESTAMP - INTERVAL '60 days', NULL),
(138, 47, CURRENT_TIMESTAMP - INTERVAL '28 days', CURRENT_TIMESTAMP - INTERVAL '28 days' + INTERVAL '5 minutes', 11, CURRENT_TIMESTAMP - INTERVAL '28 days', CURRENT_TIMESTAMP - INTERVAL '28 days', NULL),
(139, 80, CURRENT_TIMESTAMP - INTERVAL '21 days', CURRENT_TIMESTAMP - INTERVAL '21 days' + INTERVAL '43 minutes', 4, CURRENT_TIMESTAMP - INTERVAL '21 days', CURRENT_TIMESTAMP - INTERVAL '21 days', NULL),
(140, 93, CURRENT_TIMESTAMP - INTERVAL '58 days', CURRENT_TIMESTAMP - INTERVAL '58 days' + INTERVAL '20 minutes', 17, CURRENT_TIMESTAMP - INTERVAL '58 days', CURRENT_TIMESTAMP - INTERVAL '58 days', NULL),
(141, 40, CURRENT_TIMESTAMP - INTERVAL '43 days', CURRENT_TIMESTAMP - INTERVAL '43 days' + INTERVAL '27 minutes', 11, CURRENT_TIMESTAMP - INTERVAL '43 days', CURRENT_TIMESTAMP - INTERVAL '43 days', NULL),
(142, 52, CURRENT_TIMESTAMP - INTERVAL '45 days', CURRENT_TIMESTAMP - INTERVAL '45 days' + INTERVAL '19 minutes', 18, CURRENT_TIMESTAMP - INTERVAL '45 days', CURRENT_TIMESTAMP - INTERVAL '45 days', NULL),
(143, 17, CURRENT_TIMESTAMP - INTERVAL '13 days', CURRENT_TIMESTAMP - INTERVAL '13 days' + INTERVAL '27 minutes', 13, CURRENT_TIMESTAMP - INTERVAL '13 days', CURRENT_TIMESTAMP - INTERVAL '13 days', NULL),
(144, 87, CURRENT_TIMESTAMP - INTERVAL '48 days', CURRENT_TIMESTAMP - INTERVAL '48 days' + INTERVAL '12 minutes', 20, CURRENT_TIMESTAMP - INTERVAL '48 days', CURRENT_TIMESTAMP - INTERVAL '48 days', NULL),
(145, 73, CURRENT_TIMESTAMP - INTERVAL '20 days', CURRENT_TIMESTAMP - INTERVAL '20 days' + INTERVAL '26 minutes', 18, CURRENT_TIMESTAMP - INTERVAL '20 days', CURRENT_TIMESTAMP - INTERVAL '20 days', NULL),
(146, 1, CURRENT_TIMESTAMP - INTERVAL '20 days', CURRENT_TIMESTAMP - INTERVAL '20 days' + INTERVAL '19 minutes', 7, CURRENT_TIMESTAMP - INTERVAL '20 days', CURRENT_TIMESTAMP - INTERVAL '20 days', NULL),
(147, 56, CURRENT_TIMESTAMP - INTERVAL '51 days', CURRENT_TIMESTAMP - INTERVAL '51 days' + INTERVAL '38 minutes', 20, CURRENT_TIMESTAMP - INTERVAL '51 days', CURRENT_TIMESTAMP - INTERVAL '51 days', NULL),
(148, 84, CURRENT_TIMESTAMP - INTERVAL '21 days', CURRENT_TIMESTAMP - INTERVAL '21 days' + INTERVAL '30 minutes', 15, CURRENT_TIMESTAMP - INTERVAL '21 days', CURRENT_TIMESTAMP - INTERVAL '21 days', NULL),
(149, 57, CURRENT_TIMESTAMP - INTERVAL '44 days', CURRENT_TIMESTAMP - INTERVAL '44 days' + INTERVAL '14 minutes', 17, CURRENT_TIMESTAMP - INTERVAL '44 days', CURRENT_TIMESTAMP - INTERVAL '44 days', NULL),
(150, 61, CURRENT_TIMESTAMP - INTERVAL '51 days', CURRENT_TIMESTAMP - INTERVAL '51 days' + INTERVAL '11 minutes', 3, CURRENT_TIMESTAMP - INTERVAL '51 days', CURRENT_TIMESTAMP - INTERVAL '51 days', NULL);
