-- erp schema (shop) Day 03 delta changes
-- Simulates business activity on Day 03 after baseline

-- Add 28 new customers
INSERT INTO origin_simulator_jaffle_corp.erp.customers (customer_id, first_name, last_name, email, created_at, updated_at, deleted_at) VALUES
(148, 'Val', 'Halpert', 'val.halpert148@example.com', CURRENT_TIMESTAMP, CURRENT_TIMESTAMP, NULL),
(149, 'Ryan', 'Malone', 'ryan.malone149@example.com', CURRENT_TIMESTAMP, CURRENT_TIMESTAMP, NULL),
(150, 'Gabe', 'Johnson', 'gabe.johnson150@example.com', CURRENT_TIMESTAMP, CURRENT_TIMESTAMP, NULL),
(151, 'Helene', 'Tanaka', 'helene.tanaka151@example.com', CURRENT_TIMESTAMP, CURRENT_TIMESTAMP, NULL),
(152, 'Val', 'Vance', 'val.vance152@example.com', CURRENT_TIMESTAMP, CURRENT_TIMESTAMP, NULL),
(153, 'David', 'Howard', 'david.howard153@example.com', CURRENT_TIMESTAMP, CURRENT_TIMESTAMP, NULL),
(154, 'Toby', 'Green', 'toby.green154@example.com', CURRENT_TIMESTAMP, CURRENT_TIMESTAMP, NULL),
(155, 'Brian', 'Miner', 'brian.miner155@example.com', CURRENT_TIMESTAMP, CURRENT_TIMESTAMP, NULL),
(156, 'David', 'Tanaka', 'david.tanaka156@example.com', CURRENT_TIMESTAMP, CURRENT_TIMESTAMP, NULL),
(157, 'Jessica', 'Wallace', 'jessica.wallace157@example.com', CURRENT_TIMESTAMP, CURRENT_TIMESTAMP, NULL),
(158, 'Katy', 'Bratton', 'katy.bratton158@example.com', CURRENT_TIMESTAMP, CURRENT_TIMESTAMP, NULL),
(159, 'Val', 'Bernard', 'val.bernard159@example.com', CURRENT_TIMESTAMP, CURRENT_TIMESTAMP, NULL),
(160, 'Oscar', 'Miner', 'oscar.miner160@example.com', CURRENT_TIMESTAMP, CURRENT_TIMESTAMP, NULL),
(161, 'Jo', 'Flenderson', 'jo.flenderson161@example.com', CURRENT_TIMESTAMP, CURRENT_TIMESTAMP, NULL),
(162, 'Pam', 'Flenderson', 'pam.flenderson162@example.com', CURRENT_TIMESTAMP, CURRENT_TIMESTAMP, NULL),
(163, 'Deangelo', 'Smith', 'deangelo.smith163@example.com', CURRENT_TIMESTAMP, CURRENT_TIMESTAMP, NULL),
(164, 'Kevin', 'Flax', 'kevin.flax164@example.com', CURRENT_TIMESTAMP, CURRENT_TIMESTAMP, NULL),
(165, 'Dwight', 'Beesly', 'dwight.beesly165@example.com', CURRENT_TIMESTAMP, CURRENT_TIMESTAMP, NULL),
(166, 'Erin', 'Lipton', 'erin.lipton166@example.com', CURRENT_TIMESTAMP, CURRENT_TIMESTAMP, NULL),
(167, 'Creed', 'Martin', 'creed.martin167@example.com', CURRENT_TIMESTAMP, CURRENT_TIMESTAMP, NULL),
(168, 'Donna', 'Martinez', 'donna.martinez168@example.com', CURRENT_TIMESTAMP, CURRENT_TIMESTAMP, NULL),
(169, 'Jan', 'Bennett', 'jan.bennett169@example.com', CURRENT_TIMESTAMP, CURRENT_TIMESTAMP, NULL),
(170, 'Robert', 'Withem', 'robert.withem170@example.com', CURRENT_TIMESTAMP, CURRENT_TIMESTAMP, NULL),
(171, 'Todd', 'Green', 'todd.green171@example.com', CURRENT_TIMESTAMP, CURRENT_TIMESTAMP, NULL),
(172, 'Robert', 'Kapoor', 'robert.kapoor172@example.com', CURRENT_TIMESTAMP, CURRENT_TIMESTAMP, NULL),
(173, 'Gabe', 'Wallace', 'gabe.wallace173@example.com', CURRENT_TIMESTAMP, CURRENT_TIMESTAMP, NULL),
(174, 'Michael', 'Garfield', 'michael.garfield174@example.com', CURRENT_TIMESTAMP, CURRENT_TIMESTAMP, NULL),
(175, 'Jordan', 'Palmer', 'jordan.palmer175@example.com', CURRENT_TIMESTAMP, CURRENT_TIMESTAMP, NULL);

-- Add 65 new orders
INSERT INTO origin_simulator_jaffle_corp.erp.orders (order_id, customer_id, order_date, status, created_at, updated_at, deleted_at) VALUES
(616, 148, CURRENT_DATE, 'completed', CURRENT_TIMESTAMP, CURRENT_TIMESTAMP, NULL),
(617, 149, CURRENT_DATE, 'completed', CURRENT_TIMESTAMP, CURRENT_TIMESTAMP, NULL),
(618, 150, CURRENT_DATE, 'pending', CURRENT_TIMESTAMP, CURRENT_TIMESTAMP, NULL),
(619, 151, CURRENT_DATE, 'completed', CURRENT_TIMESTAMP, CURRENT_TIMESTAMP, NULL),
(620, 152, CURRENT_DATE, 'cancelled', CURRENT_TIMESTAMP, CURRENT_TIMESTAMP, NULL),
(621, 153, CURRENT_DATE, 'completed', CURRENT_TIMESTAMP, CURRENT_TIMESTAMP, NULL),
(622, 154, CURRENT_DATE, 'completed', CURRENT_TIMESTAMP, CURRENT_TIMESTAMP, NULL),
(623, 155, CURRENT_DATE, 'completed', CURRENT_TIMESTAMP, CURRENT_TIMESTAMP, NULL),
(624, 156, CURRENT_DATE, 'completed', CURRENT_TIMESTAMP, CURRENT_TIMESTAMP, NULL),
(625, 157, CURRENT_DATE, 'pending', CURRENT_TIMESTAMP, CURRENT_TIMESTAMP, NULL),
(626, 158, CURRENT_DATE, 'completed', CURRENT_TIMESTAMP, CURRENT_TIMESTAMP, NULL),
(627, 159, CURRENT_DATE, 'pending', CURRENT_TIMESTAMP, CURRENT_TIMESTAMP, NULL),
(628, 160, CURRENT_DATE, 'completed', CURRENT_TIMESTAMP, CURRENT_TIMESTAMP, NULL),
(629, 161, CURRENT_DATE, 'pending', CURRENT_TIMESTAMP, CURRENT_TIMESTAMP, NULL),
(630, 162, CURRENT_DATE, 'completed', CURRENT_TIMESTAMP, CURRENT_TIMESTAMP, NULL),
(631, 163, CURRENT_DATE, 'completed', CURRENT_TIMESTAMP, CURRENT_TIMESTAMP, NULL),
(632, 164, CURRENT_DATE, 'completed', CURRENT_TIMESTAMP, CURRENT_TIMESTAMP, NULL),
(633, 165, CURRENT_DATE, 'completed', CURRENT_TIMESTAMP, CURRENT_TIMESTAMP, NULL),
(634, 166, CURRENT_DATE, 'completed', CURRENT_TIMESTAMP, CURRENT_TIMESTAMP, NULL),
(635, 167, CURRENT_DATE, 'pending', CURRENT_TIMESTAMP, CURRENT_TIMESTAMP, NULL),
(636, 168, CURRENT_DATE, 'completed', CURRENT_TIMESTAMP, CURRENT_TIMESTAMP, NULL),
(637, 169, CURRENT_DATE, 'completed', CURRENT_TIMESTAMP, CURRENT_TIMESTAMP, NULL),
(638, 170, CURRENT_DATE, 'completed', CURRENT_TIMESTAMP, CURRENT_TIMESTAMP, NULL),
(639, 171, CURRENT_DATE, 'completed', CURRENT_TIMESTAMP, CURRENT_TIMESTAMP, NULL),
(640, 172, CURRENT_DATE, 'pending', CURRENT_TIMESTAMP, CURRENT_TIMESTAMP, NULL),
(641, 173, CURRENT_DATE, 'completed', CURRENT_TIMESTAMP, CURRENT_TIMESTAMP, NULL),
(642, 174, CURRENT_DATE, 'completed', CURRENT_TIMESTAMP, CURRENT_TIMESTAMP, NULL),
(643, 175, CURRENT_DATE, 'completed', CURRENT_TIMESTAMP, CURRENT_TIMESTAMP, NULL),
(644, 89, CURRENT_DATE, 'completed', CURRENT_TIMESTAMP, CURRENT_TIMESTAMP, NULL),
(645, 174, CURRENT_DATE, 'completed', CURRENT_TIMESTAMP, CURRENT_TIMESTAMP, NULL),
(646, 133, CURRENT_DATE, 'pending', CURRENT_TIMESTAMP, CURRENT_TIMESTAMP, NULL),
(647, 99, CURRENT_DATE, 'completed', CURRENT_TIMESTAMP, CURRENT_TIMESTAMP, NULL),
(648, 69, CURRENT_DATE, 'completed', CURRENT_TIMESTAMP, CURRENT_TIMESTAMP, NULL),
(649, 119, CURRENT_DATE, 'completed', CURRENT_TIMESTAMP, CURRENT_TIMESTAMP, NULL),
(650, 92, CURRENT_DATE, 'pending', CURRENT_TIMESTAMP, CURRENT_TIMESTAMP, NULL),
(651, 115, CURRENT_DATE, 'cancelled', CURRENT_TIMESTAMP, CURRENT_TIMESTAMP, NULL),
(652, 6, CURRENT_DATE, 'completed', CURRENT_TIMESTAMP, CURRENT_TIMESTAMP, NULL),
(653, 84, CURRENT_DATE, 'completed', CURRENT_TIMESTAMP, CURRENT_TIMESTAMP, NULL),
(654, 129, CURRENT_DATE, 'completed', CURRENT_TIMESTAMP, CURRENT_TIMESTAMP, NULL),
(655, 158, CURRENT_DATE, 'pending', CURRENT_TIMESTAMP, CURRENT_TIMESTAMP, NULL),
(656, 101, CURRENT_DATE, 'completed', CURRENT_TIMESTAMP, CURRENT_TIMESTAMP, NULL),
(657, 30, CURRENT_DATE, 'completed', CURRENT_TIMESTAMP, CURRENT_TIMESTAMP, NULL),
(658, 160, CURRENT_DATE, 'completed', CURRENT_TIMESTAMP, CURRENT_TIMESTAMP, NULL),
(659, 47, CURRENT_DATE, 'completed', CURRENT_TIMESTAMP, CURRENT_TIMESTAMP, NULL),
(660, 89, CURRENT_DATE, 'pending', CURRENT_TIMESTAMP, CURRENT_TIMESTAMP, NULL),
(661, 148, CURRENT_DATE, 'completed', CURRENT_TIMESTAMP, CURRENT_TIMESTAMP, NULL),
(662, 13, CURRENT_DATE, 'completed', CURRENT_TIMESTAMP, CURRENT_TIMESTAMP, NULL),
(663, 164, CURRENT_DATE, 'completed', CURRENT_TIMESTAMP, CURRENT_TIMESTAMP, NULL),
(664, 16, CURRENT_DATE, 'pending', CURRENT_TIMESTAMP, CURRENT_TIMESTAMP, NULL),
(665, 172, CURRENT_DATE, 'completed', CURRENT_TIMESTAMP, CURRENT_TIMESTAMP, NULL),
(666, 52, CURRENT_DATE, 'completed', CURRENT_TIMESTAMP, CURRENT_TIMESTAMP, NULL),
(667, 141, CURRENT_DATE, 'completed', CURRENT_TIMESTAMP, CURRENT_TIMESTAMP, NULL),
(668, 108, CURRENT_DATE, 'completed', CURRENT_TIMESTAMP, CURRENT_TIMESTAMP, NULL),
(669, 141, CURRENT_DATE, 'pending', CURRENT_TIMESTAMP, CURRENT_TIMESTAMP, NULL),
(670, 168, CURRENT_DATE, 'pending', CURRENT_TIMESTAMP, CURRENT_TIMESTAMP, NULL),
(671, 59, CURRENT_DATE, 'completed', CURRENT_TIMESTAMP, CURRENT_TIMESTAMP, NULL),
(672, 154, CURRENT_DATE, 'completed', CURRENT_TIMESTAMP, CURRENT_TIMESTAMP, NULL),
(673, 158, CURRENT_DATE, 'completed', CURRENT_TIMESTAMP, CURRENT_TIMESTAMP, NULL),
(674, 95, CURRENT_DATE, 'completed', CURRENT_TIMESTAMP, CURRENT_TIMESTAMP, NULL),
(675, 66, CURRENT_DATE, 'pending', CURRENT_TIMESTAMP, CURRENT_TIMESTAMP, NULL),
(676, 87, CURRENT_DATE, 'completed', CURRENT_TIMESTAMP, CURRENT_TIMESTAMP, NULL),
(677, 79, CURRENT_DATE, 'pending', CURRENT_TIMESTAMP, CURRENT_TIMESTAMP, NULL),
(678, 110, CURRENT_DATE, 'completed', CURRENT_TIMESTAMP, CURRENT_TIMESTAMP, NULL),
(679, 159, CURRENT_DATE, 'completed', CURRENT_TIMESTAMP, CURRENT_TIMESTAMP, NULL),
(680, 152, CURRENT_DATE, 'pending', CURRENT_TIMESTAMP, CURRENT_TIMESTAMP, NULL);

-- Add order items for new orders
INSERT INTO origin_simulator_jaffle_corp.erp.order_items (order_item_id, order_id, product_id, quantity, unit_price, created_at, updated_at, deleted_at) VALUES
(1371, 616, 1, 1, 1099.99, CURRENT_TIMESTAMP, CURRENT_TIMESTAMP, NULL),
(1372, 617, 1, 1, 1099.99, CURRENT_TIMESTAMP, CURRENT_TIMESTAMP, NULL),
(1373, 618, 8, 1, 49.99, CURRENT_TIMESTAMP, CURRENT_TIMESTAMP, NULL),
(1374, 619, 3, 1, 79.99, CURRENT_TIMESTAMP, CURRENT_TIMESTAMP, NULL),
(1375, 619, 4, 1, 299.99, CURRENT_TIMESTAMP, CURRENT_TIMESTAMP, NULL),
(1376, 619, 3, 1, 79.99, CURRENT_TIMESTAMP, CURRENT_TIMESTAMP, NULL),
(1377, 620, 6, 2, 149.99, CURRENT_TIMESTAMP, CURRENT_TIMESTAMP, NULL),
(1378, 620, 10, 1, 24.99, CURRENT_TIMESTAMP, CURRENT_TIMESTAMP, NULL),
(1379, 620, 8, 1, 49.99, CURRENT_TIMESTAMP, CURRENT_TIMESTAMP, NULL),
(1380, 621, 8, 2, 49.99, CURRENT_TIMESTAMP, CURRENT_TIMESTAMP, NULL),
(1381, 621, 8, 2, 49.99, CURRENT_TIMESTAMP, CURRENT_TIMESTAMP, NULL),
(1382, 622, 8, 2, 49.99, CURRENT_TIMESTAMP, CURRENT_TIMESTAMP, NULL),
(1383, 622, 9, 3, 399.99, CURRENT_TIMESTAMP, CURRENT_TIMESTAMP, NULL),
(1384, 622, 5, 1, 199.99, CURRENT_TIMESTAMP, CURRENT_TIMESTAMP, NULL),
(1385, 623, 5, 1, 199.99, CURRENT_TIMESTAMP, CURRENT_TIMESTAMP, NULL),
(1386, 624, 9, 1, 399.99, CURRENT_TIMESTAMP, CURRENT_TIMESTAMP, NULL),
(1387, 624, 10, 1, 24.99, CURRENT_TIMESTAMP, CURRENT_TIMESTAMP, NULL),
(1388, 625, 4, 1, 299.99, CURRENT_TIMESTAMP, CURRENT_TIMESTAMP, NULL),
(1389, 625, 9, 1, 399.99, CURRENT_TIMESTAMP, CURRENT_TIMESTAMP, NULL),
(1390, 625, 9, 2, 399.99, CURRENT_TIMESTAMP, CURRENT_TIMESTAMP, NULL),
(1391, 626, 9, 1, 399.99, CURRENT_TIMESTAMP, CURRENT_TIMESTAMP, NULL),
(1392, 627, 7, 1, 89.99, CURRENT_TIMESTAMP, CURRENT_TIMESTAMP, NULL),
(1393, 628, 7, 1, 89.99, CURRENT_TIMESTAMP, CURRENT_TIMESTAMP, NULL),
(1394, 629, 7, 1, 89.99, CURRENT_TIMESTAMP, CURRENT_TIMESTAMP, NULL),
(1395, 629, 6, 2, 149.99, CURRENT_TIMESTAMP, CURRENT_TIMESTAMP, NULL),
(1396, 630, 6, 2, 149.99, CURRENT_TIMESTAMP, CURRENT_TIMESTAMP, NULL),
(1397, 631, 5, 1, 199.99, CURRENT_TIMESTAMP, CURRENT_TIMESTAMP, NULL),
(1398, 632, 3, 1, 79.99, CURRENT_TIMESTAMP, CURRENT_TIMESTAMP, NULL),
(1399, 633, 4, 1, 299.99, CURRENT_TIMESTAMP, CURRENT_TIMESTAMP, NULL),
(1400, 634, 6, 1, 149.99, CURRENT_TIMESTAMP, CURRENT_TIMESTAMP, NULL),
(1401, 634, 1, 1, 1099.99, CURRENT_TIMESTAMP, CURRENT_TIMESTAMP, NULL),
(1402, 635, 7, 1, 89.99, CURRENT_TIMESTAMP, CURRENT_TIMESTAMP, NULL),
(1403, 635, 7, 2, 89.99, CURRENT_TIMESTAMP, CURRENT_TIMESTAMP, NULL),
(1404, 636, 10, 1, 24.99, CURRENT_TIMESTAMP, CURRENT_TIMESTAMP, NULL),
(1405, 637, 2, 1, 34.99, CURRENT_TIMESTAMP, CURRENT_TIMESTAMP, NULL),
(1406, 637, 6, 1, 149.99, CURRENT_TIMESTAMP, CURRENT_TIMESTAMP, NULL),
(1407, 637, 6, 2, 149.99, CURRENT_TIMESTAMP, CURRENT_TIMESTAMP, NULL),
(1408, 638, 4, 1, 299.99, CURRENT_TIMESTAMP, CURRENT_TIMESTAMP, NULL),
(1409, 638, 7, 1, 89.99, CURRENT_TIMESTAMP, CURRENT_TIMESTAMP, NULL),
(1410, 638, 10, 1, 24.99, CURRENT_TIMESTAMP, CURRENT_TIMESTAMP, NULL),
(1411, 639, 7, 1, 89.99, CURRENT_TIMESTAMP, CURRENT_TIMESTAMP, NULL),
(1412, 639, 5, 2, 199.99, CURRENT_TIMESTAMP, CURRENT_TIMESTAMP, NULL),
(1413, 639, 2, 1, 34.99, CURRENT_TIMESTAMP, CURRENT_TIMESTAMP, NULL),
(1414, 640, 6, 1, 149.99, CURRENT_TIMESTAMP, CURRENT_TIMESTAMP, NULL),
(1415, 640, 4, 2, 299.99, CURRENT_TIMESTAMP, CURRENT_TIMESTAMP, NULL),
(1416, 641, 9, 1, 399.99, CURRENT_TIMESTAMP, CURRENT_TIMESTAMP, NULL),
(1417, 641, 7, 2, 89.99, CURRENT_TIMESTAMP, CURRENT_TIMESTAMP, NULL),
(1418, 642, 5, 1, 199.99, CURRENT_TIMESTAMP, CURRENT_TIMESTAMP, NULL),
(1419, 643, 3, 1, 79.99, CURRENT_TIMESTAMP, CURRENT_TIMESTAMP, NULL),
(1420, 644, 3, 1, 79.99, CURRENT_TIMESTAMP, CURRENT_TIMESTAMP, NULL),
(1421, 644, 8, 3, 49.99, CURRENT_TIMESTAMP, CURRENT_TIMESTAMP, NULL),
(1422, 645, 6, 1, 149.99, CURRENT_TIMESTAMP, CURRENT_TIMESTAMP, NULL),
(1423, 645, 2, 1, 34.99, CURRENT_TIMESTAMP, CURRENT_TIMESTAMP, NULL),
(1424, 646, 1, 1, 1099.99, CURRENT_TIMESTAMP, CURRENT_TIMESTAMP, NULL),
(1425, 646, 6, 1, 149.99, CURRENT_TIMESTAMP, CURRENT_TIMESTAMP, NULL),
(1426, 647, 2, 3, 34.99, CURRENT_TIMESTAMP, CURRENT_TIMESTAMP, NULL),
(1427, 647, 9, 2, 399.99, CURRENT_TIMESTAMP, CURRENT_TIMESTAMP, NULL),
(1428, 647, 3, 3, 79.99, CURRENT_TIMESTAMP, CURRENT_TIMESTAMP, NULL),
(1429, 648, 7, 1, 89.99, CURRENT_TIMESTAMP, CURRENT_TIMESTAMP, NULL),
(1430, 648, 9, 1, 399.99, CURRENT_TIMESTAMP, CURRENT_TIMESTAMP, NULL),
(1431, 648, 9, 2, 399.99, CURRENT_TIMESTAMP, CURRENT_TIMESTAMP, NULL),
(1432, 649, 2, 1, 34.99, CURRENT_TIMESTAMP, CURRENT_TIMESTAMP, NULL),
(1433, 649, 9, 1, 399.99, CURRENT_TIMESTAMP, CURRENT_TIMESTAMP, NULL),
(1434, 650, 10, 2, 24.99, CURRENT_TIMESTAMP, CURRENT_TIMESTAMP, NULL),
(1435, 651, 3, 2, 79.99, CURRENT_TIMESTAMP, CURRENT_TIMESTAMP, NULL),
(1436, 651, 4, 1, 299.99, CURRENT_TIMESTAMP, CURRENT_TIMESTAMP, NULL),
(1437, 652, 10, 1, 24.99, CURRENT_TIMESTAMP, CURRENT_TIMESTAMP, NULL),
(1438, 653, 6, 1, 149.99, CURRENT_TIMESTAMP, CURRENT_TIMESTAMP, NULL),
(1439, 654, 4, 1, 299.99, CURRENT_TIMESTAMP, CURRENT_TIMESTAMP, NULL),
(1440, 655, 9, 1, 399.99, CURRENT_TIMESTAMP, CURRENT_TIMESTAMP, NULL),
(1441, 655, 4, 3, 299.99, CURRENT_TIMESTAMP, CURRENT_TIMESTAMP, NULL),
(1442, 656, 8, 1, 49.99, CURRENT_TIMESTAMP, CURRENT_TIMESTAMP, NULL),
(1443, 657, 8, 1, 49.99, CURRENT_TIMESTAMP, CURRENT_TIMESTAMP, NULL),
(1444, 657, 1, 1, 1099.99, CURRENT_TIMESTAMP, CURRENT_TIMESTAMP, NULL),
(1445, 658, 7, 1, 89.99, CURRENT_TIMESTAMP, CURRENT_TIMESTAMP, NULL),
(1446, 658, 7, 1, 89.99, CURRENT_TIMESTAMP, CURRENT_TIMESTAMP, NULL),
(1447, 659, 3, 1, 79.99, CURRENT_TIMESTAMP, CURRENT_TIMESTAMP, NULL),
(1448, 659, 6, 1, 149.99, CURRENT_TIMESTAMP, CURRENT_TIMESTAMP, NULL),
(1449, 660, 4, 1, 299.99, CURRENT_TIMESTAMP, CURRENT_TIMESTAMP, NULL),
(1450, 660, 1, 2, 1099.99, CURRENT_TIMESTAMP, CURRENT_TIMESTAMP, NULL),
(1451, 661, 8, 1, 49.99, CURRENT_TIMESTAMP, CURRENT_TIMESTAMP, NULL),
(1452, 661, 10, 1, 24.99, CURRENT_TIMESTAMP, CURRENT_TIMESTAMP, NULL),
(1453, 662, 7, 1, 89.99, CURRENT_TIMESTAMP, CURRENT_TIMESTAMP, NULL),
(1454, 663, 3, 1, 79.99, CURRENT_TIMESTAMP, CURRENT_TIMESTAMP, NULL),
(1455, 664, 3, 1, 79.99, CURRENT_TIMESTAMP, CURRENT_TIMESTAMP, NULL),
(1456, 665, 7, 1, 89.99, CURRENT_TIMESTAMP, CURRENT_TIMESTAMP, NULL),
(1457, 665, 10, 3, 24.99, CURRENT_TIMESTAMP, CURRENT_TIMESTAMP, NULL),
(1458, 666, 6, 1, 149.99, CURRENT_TIMESTAMP, CURRENT_TIMESTAMP, NULL),
(1459, 666, 10, 3, 24.99, CURRENT_TIMESTAMP, CURRENT_TIMESTAMP, NULL),
(1460, 667, 7, 1, 89.99, CURRENT_TIMESTAMP, CURRENT_TIMESTAMP, NULL),
(1461, 668, 1, 1, 1099.99, CURRENT_TIMESTAMP, CURRENT_TIMESTAMP, NULL),
(1462, 668, 1, 1, 1099.99, CURRENT_TIMESTAMP, CURRENT_TIMESTAMP, NULL),
(1463, 668, 3, 1, 79.99, CURRENT_TIMESTAMP, CURRENT_TIMESTAMP, NULL),
(1464, 669, 9, 1, 399.99, CURRENT_TIMESTAMP, CURRENT_TIMESTAMP, NULL),
(1465, 670, 7, 1, 89.99, CURRENT_TIMESTAMP, CURRENT_TIMESTAMP, NULL),
(1466, 671, 7, 1, 89.99, CURRENT_TIMESTAMP, CURRENT_TIMESTAMP, NULL),
(1467, 671, 6, 1, 149.99, CURRENT_TIMESTAMP, CURRENT_TIMESTAMP, NULL),
(1468, 672, 5, 1, 199.99, CURRENT_TIMESTAMP, CURRENT_TIMESTAMP, NULL),
(1469, 673, 9, 1, 399.99, CURRENT_TIMESTAMP, CURRENT_TIMESTAMP, NULL),
(1470, 673, 3, 1, 79.99, CURRENT_TIMESTAMP, CURRENT_TIMESTAMP, NULL),
(1471, 673, 2, 2, 34.99, CURRENT_TIMESTAMP, CURRENT_TIMESTAMP, NULL),
(1472, 674, 10, 1, 24.99, CURRENT_TIMESTAMP, CURRENT_TIMESTAMP, NULL),
(1473, 675, 10, 1, 24.99, CURRENT_TIMESTAMP, CURRENT_TIMESTAMP, NULL),
(1474, 675, 6, 1, 149.99, CURRENT_TIMESTAMP, CURRENT_TIMESTAMP, NULL),
(1475, 676, 3, 2, 79.99, CURRENT_TIMESTAMP, CURRENT_TIMESTAMP, NULL),
(1476, 676, 10, 3, 24.99, CURRENT_TIMESTAMP, CURRENT_TIMESTAMP, NULL),
(1477, 676, 3, 1, 79.99, CURRENT_TIMESTAMP, CURRENT_TIMESTAMP, NULL),
(1478, 677, 9, 1, 399.99, CURRENT_TIMESTAMP, CURRENT_TIMESTAMP, NULL),
(1479, 678, 8, 2, 49.99, CURRENT_TIMESTAMP, CURRENT_TIMESTAMP, NULL),
(1480, 679, 4, 1, 299.99, CURRENT_TIMESTAMP, CURRENT_TIMESTAMP, NULL),
(1481, 679, 3, 1, 79.99, CURRENT_TIMESTAMP, CURRENT_TIMESTAMP, NULL),
(1482, 679, 8, 2, 49.99, CURRENT_TIMESTAMP, CURRENT_TIMESTAMP, NULL),
(1483, 680, 1, 2, 1099.99, CURRENT_TIMESTAMP, CURRENT_TIMESTAMP, NULL),
(1484, 680, 6, 1, 149.99, CURRENT_TIMESTAMP, CURRENT_TIMESTAMP, NULL),
(1485, 680, 2, 1, 34.99, CURRENT_TIMESTAMP, CURRENT_TIMESTAMP, NULL);

-- Add payments for completed orders
INSERT INTO origin_simulator_jaffle_corp.erp.payments (payment_id, order_id, payment_method, amount, created_at, updated_at, deleted_at) VALUES
(341, 366, 'credit_card', 970.14, CURRENT_TIMESTAMP, CURRENT_TIMESTAMP, NULL),
(342, 367, 'gift_card', 118.37, CURRENT_TIMESTAMP, CURRENT_TIMESTAMP, NULL),
(343, 369, 'gift_card', 1399.95, CURRENT_TIMESTAMP, CURRENT_TIMESTAMP, NULL),
(344, 371, 'bank_transfer', 1170.13, CURRENT_TIMESTAMP, CURRENT_TIMESTAMP, NULL),
(345, 371, 'credit_card', 452.13, CURRENT_TIMESTAMP, CURRENT_TIMESTAMP, NULL),
(346, 372, 'gift_card', 1129.44, CURRENT_TIMESTAMP, CURRENT_TIMESTAMP, NULL),
(347, 373, 'bank_transfer', 85.29, CURRENT_TIMESTAMP, CURRENT_TIMESTAMP, NULL),
(348, 374, 'credit_card', 569.79, CURRENT_TIMESTAMP, CURRENT_TIMESTAMP, NULL),
(349, 376, 'credit_card', 1430.53, CURRENT_TIMESTAMP, CURRENT_TIMESTAMP, NULL),
(350, 378, 'credit_card', 263.71, CURRENT_TIMESTAMP, CURRENT_TIMESTAMP, NULL),
(351, 378, 'credit_card', 374.35, CURRENT_TIMESTAMP, CURRENT_TIMESTAMP, NULL),
(352, 380, 'credit_card', 460.98, CURRENT_TIMESTAMP, CURRENT_TIMESTAMP, NULL),
(353, 381, 'bank_transfer', 1272.05, CURRENT_TIMESTAMP, CURRENT_TIMESTAMP, NULL),
(354, 382, 'credit_card', 943.62, CURRENT_TIMESTAMP, CURRENT_TIMESTAMP, NULL),
(355, 383, 'gift_card', 1348.78, CURRENT_TIMESTAMP, CURRENT_TIMESTAMP, NULL),
(356, 383, 'gift_card', 647.06, CURRENT_TIMESTAMP, CURRENT_TIMESTAMP, NULL),
(357, 384, 'bank_transfer', 902.06, CURRENT_TIMESTAMP, CURRENT_TIMESTAMP, NULL),
(358, 386, 'credit_card', 90.0, CURRENT_TIMESTAMP, CURRENT_TIMESTAMP, NULL),
(359, 386, 'gift_card', 454.72, CURRENT_TIMESTAMP, CURRENT_TIMESTAMP, NULL),
(360, 387, 'gift_card', 834.48, CURRENT_TIMESTAMP, CURRENT_TIMESTAMP, NULL),
(361, 388, 'credit_card', 1394.58, CURRENT_TIMESTAMP, CURRENT_TIMESTAMP, NULL),
(362, 389, 'credit_card', 575.66, CURRENT_TIMESTAMP, CURRENT_TIMESTAMP, NULL),
(363, 391, 'bank_transfer', 1201.87, CURRENT_TIMESTAMP, CURRENT_TIMESTAMP, NULL),
(364, 391, 'gift_card', 175.27, CURRENT_TIMESTAMP, CURRENT_TIMESTAMP, NULL),
(365, 392, 'gift_card', 616.93, CURRENT_TIMESTAMP, CURRENT_TIMESTAMP, NULL),
(366, 393, 'credit_card', 300.98, CURRENT_TIMESTAMP, CURRENT_TIMESTAMP, NULL),
(367, 394, 'gift_card', 902.96, CURRENT_TIMESTAMP, CURRENT_TIMESTAMP, NULL),
(368, 395, 'coupon', 407.22, CURRENT_TIMESTAMP, CURRENT_TIMESTAMP, NULL),
(369, 395, 'credit_card', 1275.17, CURRENT_TIMESTAMP, CURRENT_TIMESTAMP, NULL),
(370, 397, 'credit_card', 1105.16, CURRENT_TIMESTAMP, CURRENT_TIMESTAMP, NULL),
(371, 398, 'bank_transfer', 1192.79, CURRENT_TIMESTAMP, CURRENT_TIMESTAMP, NULL),
(372, 399, 'credit_card', 294.34, CURRENT_TIMESTAMP, CURRENT_TIMESTAMP, NULL),
(373, 402, 'credit_card', 245.53, CURRENT_TIMESTAMP, CURRENT_TIMESTAMP, NULL),
(374, 403, 'credit_card', 1379.7, CURRENT_TIMESTAMP, CURRENT_TIMESTAMP, NULL),
(375, 404, 'credit_card', 422.21, CURRENT_TIMESTAMP, CURRENT_TIMESTAMP, NULL),
(376, 406, 'credit_card', 514.22, CURRENT_TIMESTAMP, CURRENT_TIMESTAMP, NULL),
(377, 407, 'credit_card', 1262.17, CURRENT_TIMESTAMP, CURRENT_TIMESTAMP, NULL),
(378, 408, 'coupon', 1363.93, CURRENT_TIMESTAMP, CURRENT_TIMESTAMP, NULL),
(379, 408, 'credit_card', 286.68, CURRENT_TIMESTAMP, CURRENT_TIMESTAMP, NULL),
(380, 409, 'credit_card', 1221.08, CURRENT_TIMESTAMP, CURRENT_TIMESTAMP, NULL),
(381, 411, 'credit_card', 1325.76, CURRENT_TIMESTAMP, CURRENT_TIMESTAMP, NULL),
(382, 412, 'credit_card', 130.24, CURRENT_TIMESTAMP, CURRENT_TIMESTAMP, NULL),
(383, 413, 'gift_card', 910.51, CURRENT_TIMESTAMP, CURRENT_TIMESTAMP, NULL),
(384, 415, 'credit_card', 947.67, CURRENT_TIMESTAMP, CURRENT_TIMESTAMP, NULL),
(385, 416, 'bank_transfer', 859.01, CURRENT_TIMESTAMP, CURRENT_TIMESTAMP, NULL),
(386, 417, 'coupon', 1139.12, CURRENT_TIMESTAMP, CURRENT_TIMESTAMP, NULL),
(387, 418, 'credit_card', 716.09, CURRENT_TIMESTAMP, CURRENT_TIMESTAMP, NULL),
(388, 421, 'credit_card', 664.11, CURRENT_TIMESTAMP, CURRENT_TIMESTAMP, NULL),
(389, 421, 'gift_card', 832.82, CURRENT_TIMESTAMP, CURRENT_TIMESTAMP, NULL),
(390, 422, 'gift_card', 680.84, CURRENT_TIMESTAMP, CURRENT_TIMESTAMP, NULL),
(391, 423, 'credit_card', 373.35, CURRENT_TIMESTAMP, CURRENT_TIMESTAMP, NULL),
(392, 424, 'coupon', 475.2, CURRENT_TIMESTAMP, CURRENT_TIMESTAMP, NULL),
(393, 424, 'credit_card', 984.25, CURRENT_TIMESTAMP, CURRENT_TIMESTAMP, NULL),
(394, 426, 'bank_transfer', 787.26, CURRENT_TIMESTAMP, CURRENT_TIMESTAMP, NULL),
(395, 426, 'bank_transfer', 590.87, CURRENT_TIMESTAMP, CURRENT_TIMESTAMP, NULL),
(396, 428, 'bank_transfer', 1227.23, CURRENT_TIMESTAMP, CURRENT_TIMESTAMP, NULL),
(397, 428, 'credit_card', 963.1, CURRENT_TIMESTAMP, CURRENT_TIMESTAMP, NULL),
(398, 429, 'credit_card', 390.53, CURRENT_TIMESTAMP, CURRENT_TIMESTAMP, NULL);

-- Complete 10 pending orders from previous days
UPDATE origin_simulator_jaffle_corp.erp.orders
SET status = 'completed',
    updated_at = CURRENT_TIMESTAMP
WHERE order_id IN (308, 307, 364, 317, 286, 336, 292, 330, 278, 287);

-- Cancel 3 old pending orders
UPDATE origin_simulator_jaffle_corp.erp.orders
SET status = 'cancelled',
    updated_at = CURRENT_TIMESTAMP
WHERE order_id IN (310, 318, 293);
