-- erp schema (shop) Day 01 delta changes
-- Simulates business activity on Day 01 after baseline

-- Add 25 new customers
INSERT INTO origin_simulator_jaffle_corp.erp.customers (customer_id, first_name, last_name, email, created_at, updated_at, deleted_at) VALUES
(101, 'Brian', 'Kapoor', 'brian.kapoor101@example.com', CURRENT_TIMESTAMP, CURRENT_TIMESTAMP, NULL),
(102, 'Phyllis', 'Smith', 'phyllis.smith102@example.com', CURRENT_TIMESTAMP, CURRENT_TIMESTAMP, NULL),
(103, 'Helene', 'Cordray', 'helene.cordray103@example.com', CURRENT_TIMESTAMP, CURRENT_TIMESTAMP, NULL),
(104, 'Dwight', 'Kapoor', 'dwight.kapoor104@example.com', CURRENT_TIMESTAMP, CURRENT_TIMESTAMP, NULL),
(105, 'Brian', 'California', 'brian.california105@example.com', CURRENT_TIMESTAMP, CURRENT_TIMESTAMP, NULL),
(106, 'Helene', 'Filippelli', 'helene.filippelli106@example.com', CURRENT_TIMESTAMP, CURRENT_TIMESTAMP, NULL),
(107, 'Meredith', 'Smith', 'meredith.smith107@example.com', CURRENT_TIMESTAMP, CURRENT_TIMESTAMP, NULL),
(108, 'Stanley', 'Martin', 'stanley.martin108@example.com', CURRENT_TIMESTAMP, CURRENT_TIMESTAMP, NULL),
(109, 'Roy', 'Bratton', 'roy.bratton109@example.com', CURRENT_TIMESTAMP, CURRENT_TIMESTAMP, NULL),
(110, 'Clark', 'Lipton', 'clark.lipton110@example.com', CURRENT_TIMESTAMP, CURRENT_TIMESTAMP, NULL),
(111, 'Toby', 'Lewis', 'toby.lewis111@example.com', CURRENT_TIMESTAMP, CURRENT_TIMESTAMP, NULL),
(112, 'Karen', 'Withem', 'karen.withem112@example.com', CURRENT_TIMESTAMP, CURRENT_TIMESTAMP, NULL),
(113, 'Dwight', 'Anderson', 'dwight.anderson113@example.com', CURRENT_TIMESTAMP, CURRENT_TIMESTAMP, NULL),
(114, 'Meredith', 'Simms', 'meredith.simms114@example.com', CURRENT_TIMESTAMP, CURRENT_TIMESTAMP, NULL),
(115, 'Darryl', 'Kapoor', 'darryl.kapoor115@example.com', CURRENT_TIMESTAMP, CURRENT_TIMESTAMP, NULL),
(116, 'Donna', 'Lipton', 'donna.lipton116@example.com', CURRENT_TIMESTAMP, CURRENT_TIMESTAMP, NULL),
(117, 'Meredith', 'Hannon', 'meredith.hannon117@example.com', CURRENT_TIMESTAMP, CURRENT_TIMESTAMP, NULL),
(118, 'Helene', 'Hannon', 'helene.hannon118@example.com', CURRENT_TIMESTAMP, CURRENT_TIMESTAMP, NULL),
(119, 'Darryl', 'Hannon', 'darryl.hannon119@example.com', CURRENT_TIMESTAMP, CURRENT_TIMESTAMP, NULL),
(120, 'Charles', 'Palmer', 'charles.palmer120@example.com', CURRENT_TIMESTAMP, CURRENT_TIMESTAMP, NULL),
(121, 'Angela', 'Flenderson', 'angela.flenderson121@example.com', CURRENT_TIMESTAMP, CURRENT_TIMESTAMP, NULL),
(122, 'Charles', 'Flenderson', 'charles.flenderson122@example.com', CURRENT_TIMESTAMP, CURRENT_TIMESTAMP, NULL),
(123, 'Pam', 'Anderson', 'pam.anderson123@example.com', CURRENT_TIMESTAMP, CURRENT_TIMESTAMP, NULL),
(124, 'Roy', 'Packer', 'roy.packer124@example.com', CURRENT_TIMESTAMP, CURRENT_TIMESTAMP, NULL),
(125, 'Meredith', 'Bratton', 'meredith.bratton125@example.com', CURRENT_TIMESTAMP, CURRENT_TIMESTAMP, NULL);

-- Add 60 new orders
INSERT INTO origin_simulator_jaffle_corp.erp.orders (order_id, customer_id, order_date, status, created_at, updated_at, deleted_at) VALUES
(501, 101, CURRENT_DATE, 'pending', CURRENT_TIMESTAMP, CURRENT_TIMESTAMP, NULL),
(502, 102, CURRENT_DATE, 'completed', CURRENT_TIMESTAMP, CURRENT_TIMESTAMP, NULL),
(503, 103, CURRENT_DATE, 'completed', CURRENT_TIMESTAMP, CURRENT_TIMESTAMP, NULL),
(504, 104, CURRENT_DATE, 'completed', CURRENT_TIMESTAMP, CURRENT_TIMESTAMP, NULL),
(505, 105, CURRENT_DATE, 'completed', CURRENT_TIMESTAMP, CURRENT_TIMESTAMP, NULL),
(506, 106, CURRENT_DATE, 'completed', CURRENT_TIMESTAMP, CURRENT_TIMESTAMP, NULL),
(507, 107, CURRENT_DATE, 'completed', CURRENT_TIMESTAMP, CURRENT_TIMESTAMP, NULL),
(508, 108, CURRENT_DATE, 'completed', CURRENT_TIMESTAMP, CURRENT_TIMESTAMP, NULL),
(509, 109, CURRENT_DATE, 'completed', CURRENT_TIMESTAMP, CURRENT_TIMESTAMP, NULL),
(510, 110, CURRENT_DATE, 'completed', CURRENT_TIMESTAMP, CURRENT_TIMESTAMP, NULL),
(511, 111, CURRENT_DATE, 'completed', CURRENT_TIMESTAMP, CURRENT_TIMESTAMP, NULL),
(512, 112, CURRENT_DATE, 'completed', CURRENT_TIMESTAMP, CURRENT_TIMESTAMP, NULL),
(513, 113, CURRENT_DATE, 'completed', CURRENT_TIMESTAMP, CURRENT_TIMESTAMP, NULL),
(514, 114, CURRENT_DATE, 'completed', CURRENT_TIMESTAMP, CURRENT_TIMESTAMP, NULL),
(515, 115, CURRENT_DATE, 'completed', CURRENT_TIMESTAMP, CURRENT_TIMESTAMP, NULL),
(516, 116, CURRENT_DATE, 'pending', CURRENT_TIMESTAMP, CURRENT_TIMESTAMP, NULL),
(517, 117, CURRENT_DATE, 'pending', CURRENT_TIMESTAMP, CURRENT_TIMESTAMP, NULL),
(518, 118, CURRENT_DATE, 'pending', CURRENT_TIMESTAMP, CURRENT_TIMESTAMP, NULL),
(519, 119, CURRENT_DATE, 'pending', CURRENT_TIMESTAMP, CURRENT_TIMESTAMP, NULL),
(520, 120, CURRENT_DATE, 'completed', CURRENT_TIMESTAMP, CURRENT_TIMESTAMP, NULL),
(521, 121, CURRENT_DATE, 'pending', CURRENT_TIMESTAMP, CURRENT_TIMESTAMP, NULL),
(522, 122, CURRENT_DATE, 'completed', CURRENT_TIMESTAMP, CURRENT_TIMESTAMP, NULL),
(523, 123, CURRENT_DATE, 'pending', CURRENT_TIMESTAMP, CURRENT_TIMESTAMP, NULL),
(524, 124, CURRENT_DATE, 'completed', CURRENT_TIMESTAMP, CURRENT_TIMESTAMP, NULL),
(525, 125, CURRENT_DATE, 'completed', CURRENT_TIMESTAMP, CURRENT_TIMESTAMP, NULL),
(526, 92, CURRENT_DATE, 'pending', CURRENT_TIMESTAMP, CURRENT_TIMESTAMP, NULL),
(527, 23, CURRENT_DATE, 'pending', CURRENT_TIMESTAMP, CURRENT_TIMESTAMP, NULL),
(528, 9, CURRENT_DATE, 'completed', CURRENT_TIMESTAMP, CURRENT_TIMESTAMP, NULL),
(529, 101, CURRENT_DATE, 'pending', CURRENT_TIMESTAMP, CURRENT_TIMESTAMP, NULL),
(530, 101, CURRENT_DATE, 'completed', CURRENT_TIMESTAMP, CURRENT_TIMESTAMP, NULL),
(531, 60, CURRENT_DATE, 'completed', CURRENT_TIMESTAMP, CURRENT_TIMESTAMP, NULL),
(532, 5, CURRENT_DATE, 'completed', CURRENT_TIMESTAMP, CURRENT_TIMESTAMP, NULL),
(533, 80, CURRENT_DATE, 'completed', CURRENT_TIMESTAMP, CURRENT_TIMESTAMP, NULL),
(534, 93, CURRENT_DATE, 'completed', CURRENT_TIMESTAMP, CURRENT_TIMESTAMP, NULL),
(535, 83, CURRENT_DATE, 'completed', CURRENT_TIMESTAMP, CURRENT_TIMESTAMP, NULL),
(536, 30, CURRENT_DATE, 'pending', CURRENT_TIMESTAMP, CURRENT_TIMESTAMP, NULL),
(537, 55, CURRENT_DATE, 'pending', CURRENT_TIMESTAMP, CURRENT_TIMESTAMP, NULL),
(538, 32, CURRENT_DATE, 'pending', CURRENT_TIMESTAMP, CURRENT_TIMESTAMP, NULL),
(539, 84, CURRENT_DATE, 'completed', CURRENT_TIMESTAMP, CURRENT_TIMESTAMP, NULL),
(540, 124, CURRENT_DATE, 'completed', CURRENT_TIMESTAMP, CURRENT_TIMESTAMP, NULL),
(541, 31, CURRENT_DATE, 'completed', CURRENT_TIMESTAMP, CURRENT_TIMESTAMP, NULL),
(542, 87, CURRENT_DATE, 'completed', CURRENT_TIMESTAMP, CURRENT_TIMESTAMP, NULL),
(543, 89, CURRENT_DATE, 'pending', CURRENT_TIMESTAMP, CURRENT_TIMESTAMP, NULL),
(544, 68, CURRENT_DATE, 'completed', CURRENT_TIMESTAMP, CURRENT_TIMESTAMP, NULL),
(545, 96, CURRENT_DATE, 'completed', CURRENT_TIMESTAMP, CURRENT_TIMESTAMP, NULL),
(546, 68, CURRENT_DATE, 'completed', CURRENT_TIMESTAMP, CURRENT_TIMESTAMP, NULL),
(547, 13, CURRENT_DATE, 'completed', CURRENT_TIMESTAMP, CURRENT_TIMESTAMP, NULL),
(548, 34, CURRENT_DATE, 'completed', CURRENT_TIMESTAMP, CURRENT_TIMESTAMP, NULL),
(549, 79, CURRENT_DATE, 'pending', CURRENT_TIMESTAMP, CURRENT_TIMESTAMP, NULL),
(550, 58, CURRENT_DATE, 'completed', CURRENT_TIMESTAMP, CURRENT_TIMESTAMP, NULL),
(551, 54, CURRENT_DATE, 'completed', CURRENT_TIMESTAMP, CURRENT_TIMESTAMP, NULL),
(552, 89, CURRENT_DATE, 'completed', CURRENT_TIMESTAMP, CURRENT_TIMESTAMP, NULL),
(553, 66, CURRENT_DATE, 'completed', CURRENT_TIMESTAMP, CURRENT_TIMESTAMP, NULL),
(554, 47, CURRENT_DATE, 'completed', CURRENT_TIMESTAMP, CURRENT_TIMESTAMP, NULL),
(555, 120, CURRENT_DATE, 'pending', CURRENT_TIMESTAMP, CURRENT_TIMESTAMP, NULL),
(556, 50, CURRENT_DATE, 'completed', CURRENT_TIMESTAMP, CURRENT_TIMESTAMP, NULL),
(557, 31, CURRENT_DATE, 'completed', CURRENT_TIMESTAMP, CURRENT_TIMESTAMP, NULL),
(558, 25, CURRENT_DATE, 'pending', CURRENT_TIMESTAMP, CURRENT_TIMESTAMP, NULL),
(559, 123, CURRENT_DATE, 'completed', CURRENT_TIMESTAMP, CURRENT_TIMESTAMP, NULL),
(560, 75, CURRENT_DATE, 'completed', CURRENT_TIMESTAMP, CURRENT_TIMESTAMP, NULL);

-- Add order items for new orders
INSERT INTO origin_simulator_jaffle_corp.erp.order_items (order_item_id, order_id, product_id, quantity, unit_price, created_at, updated_at, deleted_at) VALUES
(1201, 501, 5, 1, 199.99, CURRENT_TIMESTAMP, CURRENT_TIMESTAMP, NULL),
(1202, 502, 6, 2, 149.99, CURRENT_TIMESTAMP, CURRENT_TIMESTAMP, NULL),
(1203, 502, 8, 3, 49.99, CURRENT_TIMESTAMP, CURRENT_TIMESTAMP, NULL),
(1204, 503, 7, 1, 89.99, CURRENT_TIMESTAMP, CURRENT_TIMESTAMP, NULL),
(1205, 503, 10, 1, 24.99, CURRENT_TIMESTAMP, CURRENT_TIMESTAMP, NULL),
(1206, 503, 8, 1, 49.99, CURRENT_TIMESTAMP, CURRENT_TIMESTAMP, NULL),
(1207, 504, 6, 1, 149.99, CURRENT_TIMESTAMP, CURRENT_TIMESTAMP, NULL),
(1208, 504, 9, 1, 399.99, CURRENT_TIMESTAMP, CURRENT_TIMESTAMP, NULL),
(1209, 505, 7, 1, 89.99, CURRENT_TIMESTAMP, CURRENT_TIMESTAMP, NULL),
(1210, 505, 3, 1, 79.99, CURRENT_TIMESTAMP, CURRENT_TIMESTAMP, NULL),
(1211, 506, 6, 1, 149.99, CURRENT_TIMESTAMP, CURRENT_TIMESTAMP, NULL),
(1212, 506, 7, 2, 89.99, CURRENT_TIMESTAMP, CURRENT_TIMESTAMP, NULL),
(1213, 507, 3, 1, 79.99, CURRENT_TIMESTAMP, CURRENT_TIMESTAMP, NULL),
(1214, 508, 7, 1, 89.99, CURRENT_TIMESTAMP, CURRENT_TIMESTAMP, NULL),
(1215, 508, 6, 1, 149.99, CURRENT_TIMESTAMP, CURRENT_TIMESTAMP, NULL),
(1216, 509, 2, 2, 29.99, CURRENT_TIMESTAMP, CURRENT_TIMESTAMP, NULL),
(1217, 509, 7, 2, 89.99, CURRENT_TIMESTAMP, CURRENT_TIMESTAMP, NULL),
(1218, 509, 1, 2, 999.99, CURRENT_TIMESTAMP, CURRENT_TIMESTAMP, NULL),
(1219, 510, 3, 1, 79.99, CURRENT_TIMESTAMP, CURRENT_TIMESTAMP, NULL),
(1220, 511, 8, 1, 49.99, CURRENT_TIMESTAMP, CURRENT_TIMESTAMP, NULL),
(1221, 511, 9, 3, 399.99, CURRENT_TIMESTAMP, CURRENT_TIMESTAMP, NULL),
(1222, 512, 5, 1, 199.99, CURRENT_TIMESTAMP, CURRENT_TIMESTAMP, NULL),
(1223, 513, 10, 1, 24.99, CURRENT_TIMESTAMP, CURRENT_TIMESTAMP, NULL),
(1224, 514, 2, 1, 29.99, CURRENT_TIMESTAMP, CURRENT_TIMESTAMP, NULL),
(1225, 514, 1, 2, 999.99, CURRENT_TIMESTAMP, CURRENT_TIMESTAMP, NULL),
(1226, 514, 4, 1, 299.99, CURRENT_TIMESTAMP, CURRENT_TIMESTAMP, NULL),
(1227, 515, 8, 3, 49.99, CURRENT_TIMESTAMP, CURRENT_TIMESTAMP, NULL),
(1228, 516, 7, 1, 89.99, CURRENT_TIMESTAMP, CURRENT_TIMESTAMP, NULL),
(1229, 516, 9, 1, 399.99, CURRENT_TIMESTAMP, CURRENT_TIMESTAMP, NULL),
(1230, 516, 4, 1, 299.99, CURRENT_TIMESTAMP, CURRENT_TIMESTAMP, NULL),
(1231, 517, 9, 3, 399.99, CURRENT_TIMESTAMP, CURRENT_TIMESTAMP, NULL),
(1232, 517, 7, 1, 89.99, CURRENT_TIMESTAMP, CURRENT_TIMESTAMP, NULL),
(1233, 517, 3, 1, 79.99, CURRENT_TIMESTAMP, CURRENT_TIMESTAMP, NULL),
(1234, 518, 1, 1, 999.99, CURRENT_TIMESTAMP, CURRENT_TIMESTAMP, NULL),
(1235, 518, 4, 2, 299.99, CURRENT_TIMESTAMP, CURRENT_TIMESTAMP, NULL),
(1236, 519, 1, 1, 999.99, CURRENT_TIMESTAMP, CURRENT_TIMESTAMP, NULL),
(1237, 520, 1, 2, 999.99, CURRENT_TIMESTAMP, CURRENT_TIMESTAMP, NULL),
(1238, 521, 10, 2, 24.99, CURRENT_TIMESTAMP, CURRENT_TIMESTAMP, NULL),
(1239, 522, 9, 1, 399.99, CURRENT_TIMESTAMP, CURRENT_TIMESTAMP, NULL),
(1240, 523, 2, 3, 29.99, CURRENT_TIMESTAMP, CURRENT_TIMESTAMP, NULL),
(1241, 524, 9, 1, 399.99, CURRENT_TIMESTAMP, CURRENT_TIMESTAMP, NULL),
(1242, 525, 9, 3, 399.99, CURRENT_TIMESTAMP, CURRENT_TIMESTAMP, NULL),
(1243, 526, 3, 1, 79.99, CURRENT_TIMESTAMP, CURRENT_TIMESTAMP, NULL),
(1244, 526, 4, 1, 299.99, CURRENT_TIMESTAMP, CURRENT_TIMESTAMP, NULL),
(1245, 527, 3, 1, 79.99, CURRENT_TIMESTAMP, CURRENT_TIMESTAMP, NULL),
(1246, 528, 6, 3, 149.99, CURRENT_TIMESTAMP, CURRENT_TIMESTAMP, NULL),
(1247, 529, 1, 1, 999.99, CURRENT_TIMESTAMP, CURRENT_TIMESTAMP, NULL),
(1248, 529, 10, 3, 24.99, CURRENT_TIMESTAMP, CURRENT_TIMESTAMP, NULL),
(1249, 530, 7, 1, 89.99, CURRENT_TIMESTAMP, CURRENT_TIMESTAMP, NULL),
(1250, 531, 1, 1, 999.99, CURRENT_TIMESTAMP, CURRENT_TIMESTAMP, NULL),
(1251, 532, 1, 1, 999.99, CURRENT_TIMESTAMP, CURRENT_TIMESTAMP, NULL),
(1252, 533, 5, 1, 199.99, CURRENT_TIMESTAMP, CURRENT_TIMESTAMP, NULL),
(1253, 533, 2, 1, 29.99, CURRENT_TIMESTAMP, CURRENT_TIMESTAMP, NULL),
(1254, 534, 3, 2, 79.99, CURRENT_TIMESTAMP, CURRENT_TIMESTAMP, NULL),
(1255, 534, 6, 3, 149.99, CURRENT_TIMESTAMP, CURRENT_TIMESTAMP, NULL),
(1256, 535, 6, 1, 149.99, CURRENT_TIMESTAMP, CURRENT_TIMESTAMP, NULL),
(1257, 535, 8, 1, 49.99, CURRENT_TIMESTAMP, CURRENT_TIMESTAMP, NULL),
(1258, 536, 4, 3, 299.99, CURRENT_TIMESTAMP, CURRENT_TIMESTAMP, NULL),
(1259, 536, 1, 1, 999.99, CURRENT_TIMESTAMP, CURRENT_TIMESTAMP, NULL),
(1260, 536, 2, 1, 29.99, CURRENT_TIMESTAMP, CURRENT_TIMESTAMP, NULL),
(1261, 537, 2, 3, 29.99, CURRENT_TIMESTAMP, CURRENT_TIMESTAMP, NULL),
(1262, 538, 5, 2, 199.99, CURRENT_TIMESTAMP, CURRENT_TIMESTAMP, NULL),
(1263, 538, 5, 1, 199.99, CURRENT_TIMESTAMP, CURRENT_TIMESTAMP, NULL),
(1264, 539, 8, 1, 49.99, CURRENT_TIMESTAMP, CURRENT_TIMESTAMP, NULL),
(1265, 540, 7, 2, 89.99, CURRENT_TIMESTAMP, CURRENT_TIMESTAMP, NULL),
(1266, 540, 3, 1, 79.99, CURRENT_TIMESTAMP, CURRENT_TIMESTAMP, NULL),
(1267, 541, 4, 2, 299.99, CURRENT_TIMESTAMP, CURRENT_TIMESTAMP, NULL),
(1268, 541, 9, 1, 399.99, CURRENT_TIMESTAMP, CURRENT_TIMESTAMP, NULL),
(1269, 542, 3, 2, 79.99, CURRENT_TIMESTAMP, CURRENT_TIMESTAMP, NULL),
(1270, 542, 5, 1, 199.99, CURRENT_TIMESTAMP, CURRENT_TIMESTAMP, NULL),
(1271, 543, 2, 3, 29.99, CURRENT_TIMESTAMP, CURRENT_TIMESTAMP, NULL),
(1272, 544, 2, 1, 29.99, CURRENT_TIMESTAMP, CURRENT_TIMESTAMP, NULL),
(1273, 544, 6, 1, 149.99, CURRENT_TIMESTAMP, CURRENT_TIMESTAMP, NULL),
(1274, 544, 2, 1, 29.99, CURRENT_TIMESTAMP, CURRENT_TIMESTAMP, NULL),
(1275, 545, 9, 1, 399.99, CURRENT_TIMESTAMP, CURRENT_TIMESTAMP, NULL),
(1276, 546, 3, 1, 79.99, CURRENT_TIMESTAMP, CURRENT_TIMESTAMP, NULL),
(1277, 547, 6, 1, 149.99, CURRENT_TIMESTAMP, CURRENT_TIMESTAMP, NULL),
(1278, 547, 2, 1, 29.99, CURRENT_TIMESTAMP, CURRENT_TIMESTAMP, NULL),
(1279, 548, 3, 1, 79.99, CURRENT_TIMESTAMP, CURRENT_TIMESTAMP, NULL),
(1280, 549, 2, 2, 29.99, CURRENT_TIMESTAMP, CURRENT_TIMESTAMP, NULL),
(1281, 549, 2, 1, 29.99, CURRENT_TIMESTAMP, CURRENT_TIMESTAMP, NULL),
(1282, 549, 7, 1, 89.99, CURRENT_TIMESTAMP, CURRENT_TIMESTAMP, NULL),
(1283, 550, 4, 1, 299.99, CURRENT_TIMESTAMP, CURRENT_TIMESTAMP, NULL),
(1284, 550, 6, 1, 149.99, CURRENT_TIMESTAMP, CURRENT_TIMESTAMP, NULL),
(1285, 551, 2, 1, 29.99, CURRENT_TIMESTAMP, CURRENT_TIMESTAMP, NULL),
(1286, 551, 2, 1, 29.99, CURRENT_TIMESTAMP, CURRENT_TIMESTAMP, NULL),
(1287, 552, 4, 1, 299.99, CURRENT_TIMESTAMP, CURRENT_TIMESTAMP, NULL),
(1288, 553, 8, 1, 49.99, CURRENT_TIMESTAMP, CURRENT_TIMESTAMP, NULL),
(1289, 553, 7, 1, 89.99, CURRENT_TIMESTAMP, CURRENT_TIMESTAMP, NULL),
(1290, 554, 5, 1, 199.99, CURRENT_TIMESTAMP, CURRENT_TIMESTAMP, NULL),
(1291, 554, 8, 1, 49.99, CURRENT_TIMESTAMP, CURRENT_TIMESTAMP, NULL),
(1292, 554, 3, 1, 79.99, CURRENT_TIMESTAMP, CURRENT_TIMESTAMP, NULL),
(1293, 555, 7, 3, 89.99, CURRENT_TIMESTAMP, CURRENT_TIMESTAMP, NULL),
(1294, 556, 10, 1, 24.99, CURRENT_TIMESTAMP, CURRENT_TIMESTAMP, NULL),
(1295, 557, 6, 1, 149.99, CURRENT_TIMESTAMP, CURRENT_TIMESTAMP, NULL),
(1296, 558, 10, 2, 24.99, CURRENT_TIMESTAMP, CURRENT_TIMESTAMP, NULL),
(1297, 558, 3, 3, 79.99, CURRENT_TIMESTAMP, CURRENT_TIMESTAMP, NULL),
(1298, 558, 3, 1, 79.99, CURRENT_TIMESTAMP, CURRENT_TIMESTAMP, NULL),
(1299, 559, 7, 1, 89.99, CURRENT_TIMESTAMP, CURRENT_TIMESTAMP, NULL),
(1300, 559, 8, 1, 49.99, CURRENT_TIMESTAMP, CURRENT_TIMESTAMP, NULL),
(1301, 559, 9, 2, 399.99, CURRENT_TIMESTAMP, CURRENT_TIMESTAMP, NULL),
(1302, 560, 3, 3, 79.99, CURRENT_TIMESTAMP, CURRENT_TIMESTAMP, NULL),
(1303, 560, 1, 1, 999.99, CURRENT_TIMESTAMP, CURRENT_TIMESTAMP, NULL);

-- Add payments for completed orders
INSERT INTO origin_simulator_jaffle_corp.erp.payments (payment_id, order_id, payment_method, amount, created_at, updated_at, deleted_at) VALUES
(221, 252, 'credit_card', 360.19, CURRENT_TIMESTAMP, CURRENT_TIMESTAMP, NULL),
(222, 252, 'credit_card', 974.54, CURRENT_TIMESTAMP, CURRENT_TIMESTAMP, NULL),
(223, 253, 'credit_card', 1457.35, CURRENT_TIMESTAMP, CURRENT_TIMESTAMP, NULL),
(224, 253, 'bank_transfer', 755.77, CURRENT_TIMESTAMP, CURRENT_TIMESTAMP, NULL),
(225, 254, 'credit_card', 1030.57, CURRENT_TIMESTAMP, CURRENT_TIMESTAMP, NULL),
(226, 255, 'coupon', 306.46, CURRENT_TIMESTAMP, CURRENT_TIMESTAMP, NULL),
(227, 256, 'coupon', 235.05, CURRENT_TIMESTAMP, CURRENT_TIMESTAMP, NULL),
(228, 257, 'credit_card', 59.86, CURRENT_TIMESTAMP, CURRENT_TIMESTAMP, NULL),
(229, 258, 'credit_card', 324.58, CURRENT_TIMESTAMP, CURRENT_TIMESTAMP, NULL),
(230, 259, 'coupon', 1305.64, CURRENT_TIMESTAMP, CURRENT_TIMESTAMP, NULL),
(231, 259, 'coupon', 1008.59, CURRENT_TIMESTAMP, CURRENT_TIMESTAMP, NULL),
(232, 260, 'credit_card', 1262.17, CURRENT_TIMESTAMP, CURRENT_TIMESTAMP, NULL),
(233, 261, 'credit_card', 258.79, CURRENT_TIMESTAMP, CURRENT_TIMESTAMP, NULL),
(234, 262, 'credit_card', 625.97, CURRENT_TIMESTAMP, CURRENT_TIMESTAMP, NULL),
(235, 263, 'coupon', 348.14, CURRENT_TIMESTAMP, CURRENT_TIMESTAMP, NULL),
(236, 264, 'bank_transfer', 958.84, CURRENT_TIMESTAMP, CURRENT_TIMESTAMP, NULL),
(237, 265, 'credit_card', 480.57, CURRENT_TIMESTAMP, CURRENT_TIMESTAMP, NULL),
(238, 270, 'credit_card', 1408.06, CURRENT_TIMESTAMP, CURRENT_TIMESTAMP, NULL),
(239, 270, 'bank_transfer', 671.72, CURRENT_TIMESTAMP, CURRENT_TIMESTAMP, NULL),
(240, 272, 'credit_card', 399.69, CURRENT_TIMESTAMP, CURRENT_TIMESTAMP, NULL),
(241, 274, 'bank_transfer', 1044.77, CURRENT_TIMESTAMP, CURRENT_TIMESTAMP, NULL),
(242, 274, 'coupon', 1377.38, CURRENT_TIMESTAMP, CURRENT_TIMESTAMP, NULL),
(243, 275, 'coupon', 1051.67, CURRENT_TIMESTAMP, CURRENT_TIMESTAMP, NULL),
(244, 278, 'credit_card', 125.29, CURRENT_TIMESTAMP, CURRENT_TIMESTAMP, NULL),
(245, 280, 'gift_card', 199.12, CURRENT_TIMESTAMP, CURRENT_TIMESTAMP, NULL),
(246, 281, 'credit_card', 1393.31, CURRENT_TIMESTAMP, CURRENT_TIMESTAMP, NULL),
(247, 282, 'bank_transfer', 951.09, CURRENT_TIMESTAMP, CURRENT_TIMESTAMP, NULL),
(248, 283, 'bank_transfer', 1257.13, CURRENT_TIMESTAMP, CURRENT_TIMESTAMP, NULL),
(249, 284, 'credit_card', 837.23, CURRENT_TIMESTAMP, CURRENT_TIMESTAMP, NULL),
(250, 285, 'credit_card', 397.96, CURRENT_TIMESTAMP, CURRENT_TIMESTAMP, NULL),
(251, 289, 'credit_card', 620.1, CURRENT_TIMESTAMP, CURRENT_TIMESTAMP, NULL),
(252, 290, 'credit_card', 198.99, CURRENT_TIMESTAMP, CURRENT_TIMESTAMP, NULL),
(253, 291, 'bank_transfer', 849.29, CURRENT_TIMESTAMP, CURRENT_TIMESTAMP, NULL),
(254, 292, 'credit_card', 1330.3, CURRENT_TIMESTAMP, CURRENT_TIMESTAMP, NULL),
(255, 292, 'credit_card', 416.13, CURRENT_TIMESTAMP, CURRENT_TIMESTAMP, NULL),
(256, 294, 'credit_card', 519.89, CURRENT_TIMESTAMP, CURRENT_TIMESTAMP, NULL),
(257, 295, 'coupon', 1117.9, CURRENT_TIMESTAMP, CURRENT_TIMESTAMP, NULL),
(258, 296, 'bank_transfer', 673.83, CURRENT_TIMESTAMP, CURRENT_TIMESTAMP, NULL),
(259, 297, 'credit_card', 157.38, CURRENT_TIMESTAMP, CURRENT_TIMESTAMP, NULL),
(260, 298, 'credit_card', 257.33, CURRENT_TIMESTAMP, CURRENT_TIMESTAMP, NULL),
(261, 300, 'credit_card', 981.92, CURRENT_TIMESTAMP, CURRENT_TIMESTAMP, NULL),
(262, 300, 'coupon', 1176.99, CURRENT_TIMESTAMP, CURRENT_TIMESTAMP, NULL),
(263, 301, 'credit_card', 59.42, CURRENT_TIMESTAMP, CURRENT_TIMESTAMP, NULL),
(264, 302, 'bank_transfer', 951.24, CURRENT_TIMESTAMP, CURRENT_TIMESTAMP, NULL),
(265, 303, 'credit_card', 1337.6, CURRENT_TIMESTAMP, CURRENT_TIMESTAMP, NULL),
(266, 303, 'credit_card', 472.97, CURRENT_TIMESTAMP, CURRENT_TIMESTAMP, NULL),
(267, 304, 'coupon', 360.46, CURRENT_TIMESTAMP, CURRENT_TIMESTAMP, NULL),
(268, 306, 'credit_card', 996.12, CURRENT_TIMESTAMP, CURRENT_TIMESTAMP, NULL),
(269, 306, 'credit_card', 398.89, CURRENT_TIMESTAMP, CURRENT_TIMESTAMP, NULL),
(270, 307, 'bank_transfer', 1354.19, CURRENT_TIMESTAMP, CURRENT_TIMESTAMP, NULL),
(271, 309, 'bank_transfer', 297.77, CURRENT_TIMESTAMP, CURRENT_TIMESTAMP, NULL),
(272, 310, 'coupon', 1266.84, CURRENT_TIMESTAMP, CURRENT_TIMESTAMP, NULL);

-- Complete 15 pending orders from previous days
UPDATE origin_simulator_jaffle_corp.erp.orders
SET status = 'completed',
    updated_at = CURRENT_TIMESTAMP
WHERE order_id IN (192, 230, 219, 224, 185, 234, 202, 244, 177, 159, 243, 198, 169, 163, 212);
