-- erp schema (shop) Day 02 delta changes
-- Simulates business activity on Day 02 after baseline

-- Add 22 new customers
INSERT INTO origin_simulator_jaffle_corp.erp.customers (customer_id, first_name, last_name, email, created_at, updated_at, deleted_at) VALUES
(126, 'Cathy', 'Beesly', 'cathy.beesly126@example.com', CURRENT_TIMESTAMP, CURRENT_TIMESTAMP, NULL),
(127, 'Jim', 'Smith', 'jim.smith127@example.com', CURRENT_TIMESTAMP, CURRENT_TIMESTAMP, NULL),
(128, 'Meredith', 'Johnson', 'meredith.johnson128@example.com', CURRENT_TIMESTAMP, CURRENT_TIMESTAMP, NULL),
(129, 'Brian', 'Bennett', 'brian.bennett129@example.com', CURRENT_TIMESTAMP, CURRENT_TIMESTAMP, NULL),
(130, 'Jo', 'Nickerson', 'jo.nickerson130@example.com', CURRENT_TIMESTAMP, CURRENT_TIMESTAMP, NULL),
(131, 'Gabe', 'Miller', 'gabe.miller131@example.com', CURRENT_TIMESTAMP, CURRENT_TIMESTAMP, NULL),
(132, 'Hide', 'Vance', 'hide.vance132@example.com', CURRENT_TIMESTAMP, CURRENT_TIMESTAMP, NULL),
(133, 'David', 'California', 'david.california133@example.com', CURRENT_TIMESTAMP, CURRENT_TIMESTAMP, NULL),
(134, 'Karen', 'Bennett', 'karen.bennett134@example.com', CURRENT_TIMESTAMP, CURRENT_TIMESTAMP, NULL),
(135, 'Tony', 'Miller', 'tony.miller135@example.com', CURRENT_TIMESTAMP, CURRENT_TIMESTAMP, NULL),
(136, 'Cathy', 'Nickerson', 'cathy.nickerson136@example.com', CURRENT_TIMESTAMP, CURRENT_TIMESTAMP, NULL),
(137, 'Ryan', 'Hannon', 'ryan.hannon137@example.com', CURRENT_TIMESTAMP, CURRENT_TIMESTAMP, NULL),
(138, 'Kelly', 'Green', 'kelly.green138@example.com', CURRENT_TIMESTAMP, CURRENT_TIMESTAMP, NULL),
(139, 'Michael', 'Smith', 'michael.smith139@example.com', CURRENT_TIMESTAMP, CURRENT_TIMESTAMP, NULL),
(140, 'Kevin', 'Schrute', 'kevin.schrute140@example.com', CURRENT_TIMESTAMP, CURRENT_TIMESTAMP, NULL),
(141, 'Jo', 'Schrute', 'jo.schrute141@example.com', CURRENT_TIMESTAMP, CURRENT_TIMESTAMP, NULL),
(142, 'Brian', 'Wallace', 'brian.wallace142@example.com', CURRENT_TIMESTAMP, CURRENT_TIMESTAMP, NULL),
(143, 'Erin', 'Halpert', 'erin.halpert143@example.com', CURRENT_TIMESTAMP, CURRENT_TIMESTAMP, NULL),
(144, 'Jordan', 'Halpert', 'jordan.halpert144@example.com', CURRENT_TIMESTAMP, CURRENT_TIMESTAMP, NULL),
(145, 'Nate', 'Bennett', 'nate.bennett145@example.com', CURRENT_TIMESTAMP, CURRENT_TIMESTAMP, NULL),
(146, 'Stanley', 'Hudson', 'stanley.hudson146@example.com', CURRENT_TIMESTAMP, CURRENT_TIMESTAMP, NULL),
(147, 'Senator', 'Vance', 'senator.vance147@example.com', CURRENT_TIMESTAMP, CURRENT_TIMESTAMP, NULL);

-- Update product prices (market adjustments)
UPDATE origin_simulator_jaffle_corp.erp.products
SET price = 34.99,
    updated_at = CURRENT_TIMESTAMP
WHERE product_id = 2;  -- Mouse price increase

UPDATE origin_simulator_jaffle_corp.erp.products
SET price = 1099.99,
    updated_at = CURRENT_TIMESTAMP
WHERE product_id = 1;  -- Laptop price increase

-- Add 55 new orders
INSERT INTO origin_simulator_jaffle_corp.erp.orders (order_id, customer_id, order_date, status, created_at, updated_at, deleted_at) VALUES
(561, 126, CURRENT_DATE, 'pending', CURRENT_TIMESTAMP, CURRENT_TIMESTAMP, NULL),
(562, 127, CURRENT_DATE, 'completed', CURRENT_TIMESTAMP, CURRENT_TIMESTAMP, NULL),
(563, 128, CURRENT_DATE, 'completed', CURRENT_TIMESTAMP, CURRENT_TIMESTAMP, NULL),
(564, 129, CURRENT_DATE, 'completed', CURRENT_TIMESTAMP, CURRENT_TIMESTAMP, NULL),
(565, 130, CURRENT_DATE, 'pending', CURRENT_TIMESTAMP, CURRENT_TIMESTAMP, NULL),
(566, 131, CURRENT_DATE, 'pending', CURRENT_TIMESTAMP, CURRENT_TIMESTAMP, NULL),
(567, 132, CURRENT_DATE, 'cancelled', CURRENT_TIMESTAMP, CURRENT_TIMESTAMP, NULL),
(568, 133, CURRENT_DATE, 'cancelled', CURRENT_TIMESTAMP, CURRENT_TIMESTAMP, NULL),
(569, 134, CURRENT_DATE, 'completed', CURRENT_TIMESTAMP, CURRENT_TIMESTAMP, NULL),
(570, 135, CURRENT_DATE, 'completed', CURRENT_TIMESTAMP, CURRENT_TIMESTAMP, NULL),
(571, 136, CURRENT_DATE, 'completed', CURRENT_TIMESTAMP, CURRENT_TIMESTAMP, NULL),
(572, 137, CURRENT_DATE, 'completed', CURRENT_TIMESTAMP, CURRENT_TIMESTAMP, NULL),
(573, 138, CURRENT_DATE, 'pending', CURRENT_TIMESTAMP, CURRENT_TIMESTAMP, NULL),
(574, 139, CURRENT_DATE, 'pending', CURRENT_TIMESTAMP, CURRENT_TIMESTAMP, NULL),
(575, 140, CURRENT_DATE, 'completed', CURRENT_TIMESTAMP, CURRENT_TIMESTAMP, NULL),
(576, 141, CURRENT_DATE, 'pending', CURRENT_TIMESTAMP, CURRENT_TIMESTAMP, NULL),
(577, 142, CURRENT_DATE, 'completed', CURRENT_TIMESTAMP, CURRENT_TIMESTAMP, NULL),
(578, 143, CURRENT_DATE, 'cancelled', CURRENT_TIMESTAMP, CURRENT_TIMESTAMP, NULL),
(579, 144, CURRENT_DATE, 'completed', CURRENT_TIMESTAMP, CURRENT_TIMESTAMP, NULL),
(580, 145, CURRENT_DATE, 'completed', CURRENT_TIMESTAMP, CURRENT_TIMESTAMP, NULL),
(581, 146, CURRENT_DATE, 'pending', CURRENT_TIMESTAMP, CURRENT_TIMESTAMP, NULL),
(582, 147, CURRENT_DATE, 'completed', CURRENT_TIMESTAMP, CURRENT_TIMESTAMP, NULL),
(583, 34, CURRENT_DATE, 'completed', CURRENT_TIMESTAMP, CURRENT_TIMESTAMP, NULL),
(584, 77, CURRENT_DATE, 'pending', CURRENT_TIMESTAMP, CURRENT_TIMESTAMP, NULL),
(585, 49, CURRENT_DATE, 'pending', CURRENT_TIMESTAMP, CURRENT_TIMESTAMP, NULL),
(586, 48, CURRENT_DATE, 'completed', CURRENT_TIMESTAMP, CURRENT_TIMESTAMP, NULL),
(587, 67, CURRENT_DATE, 'pending', CURRENT_TIMESTAMP, CURRENT_TIMESTAMP, NULL),
(588, 104, CURRENT_DATE, 'completed', CURRENT_TIMESTAMP, CURRENT_TIMESTAMP, NULL),
(589, 55, CURRENT_DATE, 'completed', CURRENT_TIMESTAMP, CURRENT_TIMESTAMP, NULL),
(590, 61, CURRENT_DATE, 'completed', CURRENT_TIMESTAMP, CURRENT_TIMESTAMP, NULL),
(591, 55, CURRENT_DATE, 'pending', CURRENT_TIMESTAMP, CURRENT_TIMESTAMP, NULL),
(592, 55, CURRENT_DATE, 'completed', CURRENT_TIMESTAMP, CURRENT_TIMESTAMP, NULL),
(593, 75, CURRENT_DATE, 'completed', CURRENT_TIMESTAMP, CURRENT_TIMESTAMP, NULL),
(594, 147, CURRENT_DATE, 'completed', CURRENT_TIMESTAMP, CURRENT_TIMESTAMP, NULL),
(595, 147, CURRENT_DATE, 'completed', CURRENT_TIMESTAMP, CURRENT_TIMESTAMP, NULL),
(596, 11, CURRENT_DATE, 'completed', CURRENT_TIMESTAMP, CURRENT_TIMESTAMP, NULL),
(597, 59, CURRENT_DATE, 'completed', CURRENT_TIMESTAMP, CURRENT_TIMESTAMP, NULL),
(598, 89, CURRENT_DATE, 'completed', CURRENT_TIMESTAMP, CURRENT_TIMESTAMP, NULL),
(599, 50, CURRENT_DATE, 'pending', CURRENT_TIMESTAMP, CURRENT_TIMESTAMP, NULL),
(600, 37, CURRENT_DATE, 'cancelled', CURRENT_TIMESTAMP, CURRENT_TIMESTAMP, NULL),
(601, 139, CURRENT_DATE, 'completed', CURRENT_TIMESTAMP, CURRENT_TIMESTAMP, NULL),
(602, 98, CURRENT_DATE, 'completed', CURRENT_TIMESTAMP, CURRENT_TIMESTAMP, NULL),
(603, 6, CURRENT_DATE, 'completed', CURRENT_TIMESTAMP, CURRENT_TIMESTAMP, NULL),
(604, 130, CURRENT_DATE, 'pending', CURRENT_TIMESTAMP, CURRENT_TIMESTAMP, NULL),
(605, 143, CURRENT_DATE, 'completed', CURRENT_TIMESTAMP, CURRENT_TIMESTAMP, NULL),
(606, 92, CURRENT_DATE, 'completed', CURRENT_TIMESTAMP, CURRENT_TIMESTAMP, NULL),
(607, 80, CURRENT_DATE, 'completed', CURRENT_TIMESTAMP, CURRENT_TIMESTAMP, NULL),
(608, 134, CURRENT_DATE, 'completed', CURRENT_TIMESTAMP, CURRENT_TIMESTAMP, NULL),
(609, 69, CURRENT_DATE, 'pending', CURRENT_TIMESTAMP, CURRENT_TIMESTAMP, NULL),
(610, 63, CURRENT_DATE, 'completed', CURRENT_TIMESTAMP, CURRENT_TIMESTAMP, NULL),
(611, 67, CURRENT_DATE, 'completed', CURRENT_TIMESTAMP, CURRENT_TIMESTAMP, NULL),
(612, 27, CURRENT_DATE, 'completed', CURRENT_TIMESTAMP, CURRENT_TIMESTAMP, NULL),
(613, 21, CURRENT_DATE, 'completed', CURRENT_TIMESTAMP, CURRENT_TIMESTAMP, NULL),
(614, 46, CURRENT_DATE, 'completed', CURRENT_TIMESTAMP, CURRENT_TIMESTAMP, NULL),
(615, 77, CURRENT_DATE, 'completed', CURRENT_TIMESTAMP, CURRENT_TIMESTAMP, NULL);

-- Add order items for new orders
INSERT INTO origin_simulator_jaffle_corp.erp.order_items (order_item_id, order_id, product_id, quantity, unit_price, created_at, updated_at, deleted_at) VALUES
(1281, 561, 3, 1, 79.99, CURRENT_TIMESTAMP, CURRENT_TIMESTAMP, NULL),
(1282, 562, 1, 2, 1099.99, CURRENT_TIMESTAMP, CURRENT_TIMESTAMP, NULL),
(1283, 562, 8, 1, 49.99, CURRENT_TIMESTAMP, CURRENT_TIMESTAMP, NULL),
(1284, 562, 5, 1, 199.99, CURRENT_TIMESTAMP, CURRENT_TIMESTAMP, NULL),
(1285, 563, 9, 1, 399.99, CURRENT_TIMESTAMP, CURRENT_TIMESTAMP, NULL),
(1286, 563, 8, 3, 49.99, CURRENT_TIMESTAMP, CURRENT_TIMESTAMP, NULL),
(1287, 564, 7, 1, 89.99, CURRENT_TIMESTAMP, CURRENT_TIMESTAMP, NULL),
(1288, 564, 9, 1, 399.99, CURRENT_TIMESTAMP, CURRENT_TIMESTAMP, NULL),
(1289, 565, 5, 1, 199.99, CURRENT_TIMESTAMP, CURRENT_TIMESTAMP, NULL),
(1290, 565, 2, 3, 34.99, CURRENT_TIMESTAMP, CURRENT_TIMESTAMP, NULL),
(1291, 565, 5, 1, 199.99, CURRENT_TIMESTAMP, CURRENT_TIMESTAMP, NULL),
(1292, 566, 8, 1, 49.99, CURRENT_TIMESTAMP, CURRENT_TIMESTAMP, NULL),
(1293, 567, 3, 1, 79.99, CURRENT_TIMESTAMP, CURRENT_TIMESTAMP, NULL),
(1294, 568, 9, 1, 399.99, CURRENT_TIMESTAMP, CURRENT_TIMESTAMP, NULL),
(1295, 568, 6, 3, 149.99, CURRENT_TIMESTAMP, CURRENT_TIMESTAMP, NULL),
(1296, 569, 7, 2, 89.99, CURRENT_TIMESTAMP, CURRENT_TIMESTAMP, NULL),
(1297, 570, 7, 1, 89.99, CURRENT_TIMESTAMP, CURRENT_TIMESTAMP, NULL),
(1298, 571, 6, 1, 149.99, CURRENT_TIMESTAMP, CURRENT_TIMESTAMP, NULL),
(1299, 572, 10, 1, 24.99, CURRENT_TIMESTAMP, CURRENT_TIMESTAMP, NULL),
(1300, 573, 10, 1, 24.99, CURRENT_TIMESTAMP, CURRENT_TIMESTAMP, NULL),
(1301, 573, 3, 1, 79.99, CURRENT_TIMESTAMP, CURRENT_TIMESTAMP, NULL),
(1302, 574, 8, 1, 49.99, CURRENT_TIMESTAMP, CURRENT_TIMESTAMP, NULL),
(1303, 574, 8, 1, 49.99, CURRENT_TIMESTAMP, CURRENT_TIMESTAMP, NULL),
(1304, 575, 6, 1, 149.99, CURRENT_TIMESTAMP, CURRENT_TIMESTAMP, NULL),
(1305, 576, 10, 1, 24.99, CURRENT_TIMESTAMP, CURRENT_TIMESTAMP, NULL),
(1306, 577, 3, 1, 79.99, CURRENT_TIMESTAMP, CURRENT_TIMESTAMP, NULL),
(1307, 578, 9, 2, 399.99, CURRENT_TIMESTAMP, CURRENT_TIMESTAMP, NULL),
(1308, 578, 5, 1, 199.99, CURRENT_TIMESTAMP, CURRENT_TIMESTAMP, NULL),
(1309, 579, 9, 1, 399.99, CURRENT_TIMESTAMP, CURRENT_TIMESTAMP, NULL),
(1310, 580, 6, 3, 149.99, CURRENT_TIMESTAMP, CURRENT_TIMESTAMP, NULL),
(1311, 580, 10, 1, 24.99, CURRENT_TIMESTAMP, CURRENT_TIMESTAMP, NULL),
(1312, 581, 10, 1, 24.99, CURRENT_TIMESTAMP, CURRENT_TIMESTAMP, NULL),
(1313, 582, 6, 1, 149.99, CURRENT_TIMESTAMP, CURRENT_TIMESTAMP, NULL),
(1314, 583, 5, 1, 199.99, CURRENT_TIMESTAMP, CURRENT_TIMESTAMP, NULL),
(1315, 584, 4, 1, 299.99, CURRENT_TIMESTAMP, CURRENT_TIMESTAMP, NULL),
(1316, 585, 1, 3, 1099.99, CURRENT_TIMESTAMP, CURRENT_TIMESTAMP, NULL),
(1317, 586, 1, 1, 1099.99, CURRENT_TIMESTAMP, CURRENT_TIMESTAMP, NULL),
(1318, 587, 8, 1, 49.99, CURRENT_TIMESTAMP, CURRENT_TIMESTAMP, NULL),
(1319, 587, 6, 3, 149.99, CURRENT_TIMESTAMP, CURRENT_TIMESTAMP, NULL),
(1320, 588, 5, 1, 199.99, CURRENT_TIMESTAMP, CURRENT_TIMESTAMP, NULL),
(1321, 588, 9, 2, 399.99, CURRENT_TIMESTAMP, CURRENT_TIMESTAMP, NULL),
(1322, 589, 1, 1, 1099.99, CURRENT_TIMESTAMP, CURRENT_TIMESTAMP, NULL),
(1323, 590, 4, 1, 299.99, CURRENT_TIMESTAMP, CURRENT_TIMESTAMP, NULL),
(1324, 590, 1, 1, 1099.99, CURRENT_TIMESTAMP, CURRENT_TIMESTAMP, NULL),
(1325, 591, 6, 1, 149.99, CURRENT_TIMESTAMP, CURRENT_TIMESTAMP, NULL),
(1326, 591, 7, 2, 89.99, CURRENT_TIMESTAMP, CURRENT_TIMESTAMP, NULL),
(1327, 592, 4, 1, 299.99, CURRENT_TIMESTAMP, CURRENT_TIMESTAMP, NULL),
(1328, 593, 7, 1, 89.99, CURRENT_TIMESTAMP, CURRENT_TIMESTAMP, NULL),
(1329, 594, 1, 1, 1099.99, CURRENT_TIMESTAMP, CURRENT_TIMESTAMP, NULL),
(1330, 594, 3, 1, 79.99, CURRENT_TIMESTAMP, CURRENT_TIMESTAMP, NULL),
(1331, 595, 6, 3, 149.99, CURRENT_TIMESTAMP, CURRENT_TIMESTAMP, NULL),
(1332, 596, 5, 1, 199.99, CURRENT_TIMESTAMP, CURRENT_TIMESTAMP, NULL),
(1333, 597, 10, 1, 24.99, CURRENT_TIMESTAMP, CURRENT_TIMESTAMP, NULL),
(1334, 598, 5, 2, 199.99, CURRENT_TIMESTAMP, CURRENT_TIMESTAMP, NULL),
(1335, 598, 9, 1, 399.99, CURRENT_TIMESTAMP, CURRENT_TIMESTAMP, NULL),
(1336, 599, 8, 1, 49.99, CURRENT_TIMESTAMP, CURRENT_TIMESTAMP, NULL),
(1337, 600, 7, 1, 89.99, CURRENT_TIMESTAMP, CURRENT_TIMESTAMP, NULL),
(1338, 600, 6, 1, 149.99, CURRENT_TIMESTAMP, CURRENT_TIMESTAMP, NULL),
(1339, 601, 6, 3, 149.99, CURRENT_TIMESTAMP, CURRENT_TIMESTAMP, NULL),
(1340, 601, 3, 3, 79.99, CURRENT_TIMESTAMP, CURRENT_TIMESTAMP, NULL),
(1341, 602, 6, 1, 149.99, CURRENT_TIMESTAMP, CURRENT_TIMESTAMP, NULL),
(1342, 602, 3, 1, 79.99, CURRENT_TIMESTAMP, CURRENT_TIMESTAMP, NULL),
(1343, 603, 7, 3, 89.99, CURRENT_TIMESTAMP, CURRENT_TIMESTAMP, NULL),
(1344, 604, 6, 2, 149.99, CURRENT_TIMESTAMP, CURRENT_TIMESTAMP, NULL),
(1345, 604, 2, 1, 34.99, CURRENT_TIMESTAMP, CURRENT_TIMESTAMP, NULL),
(1346, 605, 4, 1, 299.99, CURRENT_TIMESTAMP, CURRENT_TIMESTAMP, NULL),
(1347, 606, 4, 1, 299.99, CURRENT_TIMESTAMP, CURRENT_TIMESTAMP, NULL),
(1348, 607, 2, 3, 34.99, CURRENT_TIMESTAMP, CURRENT_TIMESTAMP, NULL),
(1349, 607, 4, 1, 299.99, CURRENT_TIMESTAMP, CURRENT_TIMESTAMP, NULL),
(1350, 608, 6, 1, 149.99, CURRENT_TIMESTAMP, CURRENT_TIMESTAMP, NULL),
(1351, 608, 4, 1, 299.99, CURRENT_TIMESTAMP, CURRENT_TIMESTAMP, NULL),
(1352, 609, 6, 1, 149.99, CURRENT_TIMESTAMP, CURRENT_TIMESTAMP, NULL),
(1353, 609, 7, 1, 89.99, CURRENT_TIMESTAMP, CURRENT_TIMESTAMP, NULL),
(1354, 610, 9, 1, 399.99, CURRENT_TIMESTAMP, CURRENT_TIMESTAMP, NULL),
(1355, 610, 9, 1, 399.99, CURRENT_TIMESTAMP, CURRENT_TIMESTAMP, NULL),
(1356, 610, 3, 1, 79.99, CURRENT_TIMESTAMP, CURRENT_TIMESTAMP, NULL),
(1357, 611, 9, 1, 399.99, CURRENT_TIMESTAMP, CURRENT_TIMESTAMP, NULL),
(1358, 612, 3, 1, 79.99, CURRENT_TIMESTAMP, CURRENT_TIMESTAMP, NULL),
(1359, 612, 2, 1, 34.99, CURRENT_TIMESTAMP, CURRENT_TIMESTAMP, NULL),
(1360, 613, 6, 1, 149.99, CURRENT_TIMESTAMP, CURRENT_TIMESTAMP, NULL),
(1361, 614, 1, 3, 1099.99, CURRENT_TIMESTAMP, CURRENT_TIMESTAMP, NULL),
(1362, 614, 5, 3, 199.99, CURRENT_TIMESTAMP, CURRENT_TIMESTAMP, NULL),
(1363, 615, 10, 1, 24.99, CURRENT_TIMESTAMP, CURRENT_TIMESTAMP, NULL),
(1364, 615, 5, 1, 199.99, CURRENT_TIMESTAMP, CURRENT_TIMESTAMP, NULL);

-- Add payments for completed orders
INSERT INTO origin_simulator_jaffle_corp.erp.payments (payment_id, order_id, payment_method, amount, created_at, updated_at, deleted_at) VALUES
(281, 312, 'coupon', 954.29, CURRENT_TIMESTAMP, CURRENT_TIMESTAMP, NULL),
(282, 313, 'gift_card', 622.11, CURRENT_TIMESTAMP, CURRENT_TIMESTAMP, NULL),
(283, 313, 'credit_card', 63.69, CURRENT_TIMESTAMP, CURRENT_TIMESTAMP, NULL),
(284, 314, 'bank_transfer', 698.19, CURRENT_TIMESTAMP, CURRENT_TIMESTAMP, NULL),
(285, 319, 'coupon', 1098.01, CURRENT_TIMESTAMP, CURRENT_TIMESTAMP, NULL),
(286, 320, 'bank_transfer', 1478.47, CURRENT_TIMESTAMP, CURRENT_TIMESTAMP, NULL),
(287, 320, 'credit_card', 62.97, CURRENT_TIMESTAMP, CURRENT_TIMESTAMP, NULL),
(288, 321, 'bank_transfer', 652.88, CURRENT_TIMESTAMP, CURRENT_TIMESTAMP, NULL),
(289, 322, 'coupon', 1173.94, CURRENT_TIMESTAMP, CURRENT_TIMESTAMP, NULL),
(290, 325, 'credit_card', 1228.59, CURRENT_TIMESTAMP, CURRENT_TIMESTAMP, NULL),
(291, 327, 'credit_card', 956.35, CURRENT_TIMESTAMP, CURRENT_TIMESTAMP, NULL),
(292, 329, 'credit_card', 1493.88, CURRENT_TIMESTAMP, CURRENT_TIMESTAMP, NULL),
(293, 330, 'credit_card', 1414.88, CURRENT_TIMESTAMP, CURRENT_TIMESTAMP, NULL),
(294, 332, 'coupon', 790.58, CURRENT_TIMESTAMP, CURRENT_TIMESTAMP, NULL),
(295, 333, 'credit_card', 135.24, CURRENT_TIMESTAMP, CURRENT_TIMESTAMP, NULL),
(296, 336, 'bank_transfer', 336.12, CURRENT_TIMESTAMP, CURRENT_TIMESTAMP, NULL),
(297, 338, 'gift_card', 597.2, CURRENT_TIMESTAMP, CURRENT_TIMESTAMP, NULL),
(298, 339, 'coupon', 1404.18, CURRENT_TIMESTAMP, CURRENT_TIMESTAMP, NULL),
(299, 339, 'credit_card', 586.07, CURRENT_TIMESTAMP, CURRENT_TIMESTAMP, NULL),
(300, 340, 'coupon', 1178.76, CURRENT_TIMESTAMP, CURRENT_TIMESTAMP, NULL),
(301, 342, 'credit_card', 1253.26, CURRENT_TIMESTAMP, CURRENT_TIMESTAMP, NULL),
(302, 343, 'credit_card', 912.86, CURRENT_TIMESTAMP, CURRENT_TIMESTAMP, NULL),
(303, 344, 'credit_card', 336.34, CURRENT_TIMESTAMP, CURRENT_TIMESTAMP, NULL),
(304, 345, 'credit_card', 1043.05, CURRENT_TIMESTAMP, CURRENT_TIMESTAMP, NULL),
(305, 346, 'credit_card', 123.58, CURRENT_TIMESTAMP, CURRENT_TIMESTAMP, NULL),
(306, 347, 'credit_card', 149.85, CURRENT_TIMESTAMP, CURRENT_TIMESTAMP, NULL),
(307, 348, 'bank_transfer', 362.54, CURRENT_TIMESTAMP, CURRENT_TIMESTAMP, NULL),
(308, 351, 'bank_transfer', 900.95, CURRENT_TIMESTAMP, CURRENT_TIMESTAMP, NULL),
(309, 351, 'credit_card', 176.26, CURRENT_TIMESTAMP, CURRENT_TIMESTAMP, NULL),
(310, 352, 'credit_card', 219.69, CURRENT_TIMESTAMP, CURRENT_TIMESTAMP, NULL),
(311, 353, 'credit_card', 323.32, CURRENT_TIMESTAMP, CURRENT_TIMESTAMP, NULL),
(312, 355, 'coupon', 917.29, CURRENT_TIMESTAMP, CURRENT_TIMESTAMP, NULL),
(313, 356, 'credit_card', 595.86, CURRENT_TIMESTAMP, CURRENT_TIMESTAMP, NULL),
(314, 357, 'gift_card', 985.53, CURRENT_TIMESTAMP, CURRENT_TIMESTAMP, NULL),
(315, 358, 'credit_card', 1459.51, CURRENT_TIMESTAMP, CURRENT_TIMESTAMP, NULL),
(316, 358, 'gift_card', 573.44, CURRENT_TIMESTAMP, CURRENT_TIMESTAMP, NULL),
(317, 360, 'credit_card', 1129.73, CURRENT_TIMESTAMP, CURRENT_TIMESTAMP, NULL),
(318, 360, 'credit_card', 262.84, CURRENT_TIMESTAMP, CURRENT_TIMESTAMP, NULL),
(319, 361, 'credit_card', 819.04, CURRENT_TIMESTAMP, CURRENT_TIMESTAMP, NULL),
(320, 362, 'coupon', 831.43, CURRENT_TIMESTAMP, CURRENT_TIMESTAMP, NULL),
(321, 363, 'credit_card', 347.05, CURRENT_TIMESTAMP, CURRENT_TIMESTAMP, NULL),
(322, 364, 'bank_transfer', 447.85, CURRENT_TIMESTAMP, CURRENT_TIMESTAMP, NULL),
(323, 364, 'bank_transfer', 645.62, CURRENT_TIMESTAMP, CURRENT_TIMESTAMP, NULL),
(324, 365, 'bank_transfer', 1392.01, CURRENT_TIMESTAMP, CURRENT_TIMESTAMP, NULL);

-- Complete 12 pending orders from previous days
UPDATE origin_simulator_jaffle_corp.erp.orders
SET status = 'completed',
    updated_at = CURRENT_TIMESTAMP
WHERE order_id IN (293, 220, 281, 298, 276, 264, 214, 307, 255, 238, 232, 218);
